Source.Name,Listing ID,Title,Price,Location,Rooms,Baths,Size in Meters,Floor,Finish Type,View,Year Built,Payment Method,Seller Type,Developer,Property Link
properties-kafr-abdo1.csv,EG-5204791,Apartments For sale in Kafr Abdou St.,"6,900,000 EGP",Kafr Abdo,3,2,185,9,Super Lux,Main Street,2017,Cash,Broker,New Home - نيو هوم,https://aqarmap.com.eg/en/listing/5204791-for-sale-alexandria-kafr-abdo-kafr-abdou-st/
properties-kafr-abdo1.csv,EG-5136847,دوبلكس للبيع 345م كفر عبده ( شارع سانت جيني ),"7,000,000 EGP",Kafr Abdo,3,3,345,10,Super Lux,Main Street,1995,Cash,Broker,Coldwell Banker Platinum,https://aqarmap.com.eg/en/listing/5136847-for-sale-alexandria-kafr-abdo-sant-giyn-st/
properties-kafr-abdo1.csv,EG-5188693,Apartment for sale 270 m Kafr Abdo (steps from Saint Jenny),"7,500,000 EGP",Kafr Abdo,4,3,270,4,Super Lux,Other,2006,Cash,Broker,Avalon Resale,https://aqarmap.com.eg/en/listing/5188693-for-sale-alexandria-kafr-abdo/
properties-kafr-abdo1.csv,EG-5202252,Duplex for Sale in Kafr Abdo - Alex,"16,000,000 EGP",Kafr Abdo,3,4,380,1,Super Lux,Main Street,2012,Cash,Broker,Iproperty,https://aqarmap.com.eg/en/listing/5202252-for-sale-alexandria-kafr-abdo-ahmed-abd-el-aziz-st/
properties-kafr-abdo1.csv,EG-5040118,Apartment for Sale in Kafr Abdo - Alexandria,"11,500,000 EGP",Kafr Abdo,3,2,250,3,Super Lux,Main Street,2001,Cash,Broker,Iproperty,https://aqarmap.com.eg/en/listing/5040118-for-sale-alexandria-kafr-abdo-ismailia-st/
properties-kafr-abdo1.csv,EG-5195990,شقة مميزة للبيع 160م أمام قصر قرداحي - كفر عبده,"4,300,000 EGP",Kafr Abdo,3,3,160,6,Super Lux,Main Street,2010,Cash,Broker,Makank Real ESTATE,https://aqarmap.com.eg/en/listing/5195990-for-sale-alexandria-kafr-abdo-kerdahi-st/
properties-kafr-abdo1.csv,EG-5132506,Apartment for sale 125 m Kafr Abdo (Sakina Bint Al Hussein St),"3,500,000 EGP",Kafr Abdo,3,1,125,4,Super Lux,Other,1990,Cash,Broker,Avalon Resale,https://aqarmap.com.eg/en/listing/5132506-for-sale-alexandria-kafr-abdo-shr-lsyd-skyn-bnt-lhsyn/
properties-kafr-abdo1.csv,EG-5208529,Apartment for sale 210 m Kafr Abdo (branching from Ibrahim Ragy St),"4,250,000 EGP",Kafr Abdo,3,2,210,3,Super Lux,Main Street,2007,Cash,Broker,Avalon Resale,https://aqarmap.com.eg/en/listing/5208529-for-sale-alexandria-kafr-abdo-kafr-abdou-st/
properties-kafr-abdo1.csv,EG-5133868,Apartments For sale in Kafr Abdou St.,"12,000,000 EGP",Kafr Abdo,3,3,305,6,Super Lux,Main Street,2000,Cash,Broker,Avalon Resale,https://aqarmap.com.eg/en/listing/5133868-for-sale-alexandria-kafr-abdo-kafr-abdou-st/
properties-kafr-abdo1.csv,EG-5149360,Apartment for Sale in Kafr Abdo - Open Views,"11,500,000 EGP",Kafr Abdo,3,3,250,2,Super Lux,Main Street,2016,Cash,Broker,Iproperty,https://aqarmap.com.eg/en/listing/5149360-for-sale-alexandria-kafr-abdo-kafr-abdou-st/
properties-kafr-abdo1.csv,EG-5180526,Apartment for sale 145 m Kafr Abdo (Sakina Bint Al Hussein St.),"4,100,000 EGP",Kafr Abdo,3,3,145,1,Super Lux,Other,2016,Cash,Broker,Avalon Resale,https://aqarmap.com.eg/en/listing/5180526-for-sale-alexandria-kafr-abdo-shr-lsyd-skyn-bnt-lhsyn/
properties-kafr-abdo1.csv,EG-5132228,Apartment for sale 280 m Kafr Abdo (Khalil El Khayat Street),"5,500,000 EGP",Kafr Abdo,3,2,280,Ground,Extra Super Lux,Main Street,1985,Cash,Broker,Coldwell Banker Platinum,https://aqarmap.com.eg/en/listing/5132228-for-sale-alexandria-kafr-abdo-khaleel-basha-st/
properties-kafr-abdo1.csv,EG-5094405,Apartment for sale 320m Kafr Abdo (Marouf Al-Rasafi Street),"15,000,000 EGP",Kafr Abdo,3,2,320,2,Extra Super Lux,Main Street,2008,Cash,Broker,Coldwell Banker Platinum,https://aqarmap.com.eg/en/listing/5094405-for-sale-alexandria-kafr-abdo/
properties-kafr-abdo1.csv,EG-5170519,Apartments For sale in Kafr Abdou St.,"4,500,000 EGP",Kafr Abdo,3,3,160,6,Super Lux,Main Street,1982,Cash,Broker,New Home - نيو هوم,https://aqarmap.com.eg/en/listing/5170519-for-sale-alexandria-kafr-abdo-kafr-abdou-st/
properties-kafr-abdo1.csv,EG-5149251,Unit for sale – Kafr abdo - 165m,"4,950,000 EGP",Kafr Abdo,3,2,165,10,Super Lux,Main Street,2012,Cash,Broker,investa realestat,https://aqarmap.com.eg/en/listing/5149251-for-sale-alexandria-kafr-abdo-shr-lsyd-skyn-bnt-lhsyn/
properties-kafr-abdo1.csv,EG-5199467,Apartments For sale in Kafr Abdou St.,"4,400,000 EGP",Kafr Abdo,4,3,195,11,Super Lux,Main Street,2007,Cash,Broker,Avalon Resale,https://aqarmap.com.eg/en/listing/5199467-for-sale-alexandria-kafr-abdo-kafr-abdou-st/
properties-kafr-abdo1.csv,EG-5171589,Apartments For sale in Al Sayeda Sakena Bent Al Hussein St,"5,500,000 EGP",Kafr Abdo,3,2,180,Ground,Extra Super Lux,Main Street,1987,Cash,Broker,New Home - نيو هوم,https://aqarmap.com.eg/en/listing/5171589-for-sale-alexandria-kafr-abdo-shr-lsyd-skyn-bnt-lhsyn/
properties-kafr-abdo1.csv,EG-5165405,Apartments For sale in Kafr Abdou St.,"6,900,000 EGP",Kafr Abdo,3,2,185,9,Super Lux,Side Street,2017,Cash,Broker,New Home - نيو هوم,https://aqarmap.com.eg/en/listing/5165405-for-sale-alexandria-kafr-abdo-kafr-abdou-st/
properties-kafr-abdo1.csv,EG-5134052,Apartments For sale in Sant Giyn St.,"7,500,000 EGP",Kafr Abdo,3,2,210,2,Super Lux,Main Street,2002,Cash,Broker,New Home - نيو هوم,https://aqarmap.com.eg/en/listing/5134052-for-sale-alexandria-kafr-abdo-sant-giyn-st/
properties-kafr-abdo1.csv,EG-5155623,Apartments For sale in Khaleel Basha St.,"5,800,000 EGP",Kafr Abdo,4,2,289,6,Super Lux,Other,2000,Cash,Broker,Avalon Resale,https://aqarmap.com.eg/en/listing/5155623-for-sale-alexandria-kafr-abdo-khaleel-basha-st/
properties-kafr-abdo10.csv,EG-5057864,شقه 150 متر للبيع,"3,000,000 EGP",Kafr Abdo,3,2,150,1,Extra Super Lux,Other,2001,Cash,Broker,,https://aqarmap.com.eg/en/listing/5057864-for-sale-alexandria-kafr-abdo/
properties-kafr-abdo10.csv,EG-4848262,شقة للبيع بالاسكندرية كفر عبده 125 متر,"5,000,000 EGP",Kafr Abdo,2,2,125,Ground,Super Lux,Other,2020,Cash,Private Owner,,https://aqarmap.com.eg/en/listing/4848262-for-sale-alexandria-kafr-abdo/
properties-kafr-abdo10.csv,EG-4926445,شقة بموقع متميز بكفر عبده,"6,750,000 EGP",Kafr Abdo,3,3,228,3,Super Lux,Other,2024,Cash,Private Owner,,https://aqarmap.com.eg/en/listing/4926445-for-sale-alexandria-kafr-abdo/
properties-kafr-abdo10.csv,EG-4983981,شقة للبيع بكفر عبده,"2,200,000 EGP",Kafr Abdo,2,1,125,9,Super Lux,Other,2006,Cash,Private Owner,,https://aqarmap.com.eg/en/listing/4983981-for-sale-alexandria-kafr-abdo/
properties-kafr-abdo10.csv,EG-4728430,شقة كبيرة في كفر عبدة المساحة 225متر ريسبشن 5 قطع 3 غرف نوم 3 حمامات 4 بلاكونات,"8,000,000 EGP",Kafr Abdo,3,3,225,1,Super Lux,Main Street,2020,Cash,Private Owner,,https://aqarmap.com.eg/en/listing/4728430-for-sale-alexandria-kafr-abdo-ismailia-st/
properties-kafr-abdo10.csv,EG-5041195,شقة بكفر عبدة للبيع مساحة 120 متر,"3,750,000 EGP",Kafr Abdo,2,1,120,21,Super Lux,Other,2016,Cash,Private Owner,,https://aqarmap.com.eg/en/listing/5041195-for-sale-alexandria-kafr-abdo/
properties-kafr-abdo10.csv,EG-5149945,شقة للبيع 150 متر في كفر عبده - على شارع الإسماعيلية مباشرة,"4,900,000 EGP",Kafr Abdo,3,2,150,3,Super Lux,Other,2015,Cash or Installments,Private Owner,,https://aqarmap.com.eg/en/listing/5149945-for-sale-alexandria-kafr-abdo/
properties-kafr-abdo10.csv,EG-4981927,للبيع شقه فى كفر عبده,"4,500,000 EGP",Kafr Abdo,3,2,188,1,Super Lux,Other,2016,Cash,Private Owner,,https://aqarmap.com.eg/en/listing/4981927-for-sale-alexandria-kafr-abdo-kafr-abdou-st/
properties-kafr-abdo10.csv,EG-4954445,شقه للبيع بالاسكندريه,"2,300,000 EGP",Kafr Abdo,3,1,120,2,Super Lux,Other,2020,Cash,Broker,,https://aqarmap.com.eg/en/listing/4954445-for-sale-alexandria-kafr-abdo/
properties-kafr-abdo10.csv,EG-5138327,شقه للبيع في كفر عبده,"5,000,000 EGP",Kafr Abdo,3,2,180,14,Super Lux,Garden,2013,Cash or Installments,Broker,,https://aqarmap.com.eg/en/listing/5138327-for-sale-alexandria-kafr-abdo/
properties-kafr-abdo10.csv,EG-5052566,شقه 250 متر للبيع,"7,000,000 EGP",Kafr Abdo,3,2,250,8,Extra Super Lux,Other,2020,Cash,Private Owner,,https://aqarmap.com.eg/en/listing/5052566-for-sale-alexandria-kafr-abdo/
properties-kafr-abdo10.csv,EG-5011798,شقة مساحة ١٤٠ متر ٣ غرف و٢ حمام منهم حمام ماستر داخل غرفة النوم ومطبخ امريكان,"4,500,000 EGP",Kafr Abdo,3,2,140,5,Semi Finished,Side Street,2013,Cash,Private Owner,,https://aqarmap.com.eg/en/listing/5011798-for-sale-alexandria-kafr-abdo-shr-lsyd-skyn-bnt-lhsyn/
properties-kafr-abdo2.csv,EG-5007104,Apartments For sale in Kafr Abdou St.,"7,900,000 EGP",Kafr Abdo,4,3,270,4,Extra Super Lux,Main Street,2006,Cash,Broker,شركة التميز للتسويق والاستثمار العقاري,https://aqarmap.com.eg/en/listing/5007104-for-sale-alexandria-kafr-abdo-kafr-abdou-st/
properties-kafr-abdo2.csv,EG-5089257,Apartment for sale 140 m Kafr Abdo (Sakina Bint Al Hussein St.),"3,250,000 EGP",Kafr Abdo,2,2,140,2,Super Lux,Other,2012,Cash,Broker,Avalon Resale,https://aqarmap.com.eg/en/listing/5089257-for-sale-alexandria-kafr-abdo-shr-lsyd-skyn-bnt-lhsyn/
properties-kafr-abdo2.csv,EG-5039726,Apartment for sale - Kafr Abdo - area 125 meters,"2,950,000 EGP",Kafr Abdo,3,1,125,2,Super Lux,Main Street,2012,Cash,Broker,Aura Real Estate,https://aqarmap.com.eg/en/listing/5039726-for-sale-alexandria-kafr-abdo-kafr-abdou-st/
properties-kafr-abdo2.csv,EG-5040214,Apartments For sale in Khaleel Basha St.,"5,500,000 EGP",Kafr Abdo,3,2,180,Ground,Super Lux,Main Street,1980,Cash,Broker,New Home - نيو هوم,https://aqarmap.com.eg/en/listing/5040214-for-sale-alexandria-kafr-abdo-khaleel-basha-st/
properties-kafr-abdo2.csv,EG-5098743,شقة للبيع 270م كفر عبده ( شارع الاسماعيلية ),"9,000,000 EGP",Kafr Abdo,3,2,270,4,Extra Super Lux,Main Street,2005,Cash,Broker,Coldwell Banker Platinum,https://aqarmap.com.eg/en/listing/5098743-for-sale-alexandria-kafr-abdo-ismailia-st/
properties-kafr-abdo2.csv,EG-5098089,شقة للبيع 325 م كفر عبده( شارع امير البحار ),"8,900,000 EGP",Kafr Abdo,3,3,325,4,Super Lux,Main Street,2010,Cash,Broker,Coldwell Banker Platinum,https://aqarmap.com.eg/en/listing/5098089-for-sale-alexandria-kafr-abdo/
properties-kafr-abdo2.csv,EG-5140981,Apartments For sale in Sant Giyn St.,"7,000,000 EGP",Kafr Abdo,3,3,345,10,Extra Super Lux,Main Street,1999,Cash,Broker,شركة التميز للتسويق والاستثمار العقاري,https://aqarmap.com.eg/en/listing/5140981-for-sale-alexandria-kafr-abdo-sant-giyn-st/
properties-kafr-abdo2.csv,EG-5132023,Apartment for sale 170m Kafr Abdo (Mina St),"5,500,000 EGP",Kafr Abdo,3,1,170,2,Super Lux,Other,2000,Cash,Broker,Avalon Resale,https://aqarmap.com.eg/en/listing/5132023-for-sale-alexandria-kafr-abdo-mina-st/
properties-kafr-abdo2.csv,EG-5089565,Apartment for sale 190 M- Kafr Abdo - Sakina daughter of El Hussein ST. - Open view,"5,300,000 EGP",Kafr Abdo,3,3,190,5,Super Lux,Main Street,2016,Cash,Broker,Benaya,https://aqarmap.com.eg/en/listing/5089565-for-sale-alexandria-kafr-abdo-shr-lsyd-skyn-bnt-lhsyn/
properties-kafr-abdo2.csv,EG-5073531,Apartments For sale in Kafr Abdou St.,"3,300,000 EGP",Kafr Abdo,3,1,150,Ground,Super Lux,Main Street,2018,Cash,Broker,New Home - نيو هوم,https://aqarmap.com.eg/en/listing/5073531-for-sale-alexandria-kafr-abdo-kafr-abdou-st/
properties-kafr-abdo2.csv,EG-5073934,Apartment for sale 185 m Kafr Abdo (Sant Giyn Square),"5,900,000 EGP",Kafr Abdo,4,3,185,3,Super Lux,Other,2016,Cash,Broker,Avalon Resale,https://aqarmap.com.eg/en/listing/5073934-for-sale-alexandria-kafr-abdo-sant-square-st/
properties-kafr-abdo2.csv,EG-5113955,Apartment for Sale in Kafr Abdo - Alex,"8,500,000 EGP",Kafr Abdo,3,3,230,2,Super Lux,Main Street,2005,Cash,Broker,Iproperty,https://aqarmap.com.eg/en/listing/5113955-for-sale-alexandria-kafr-abdo-mohammed-darwish-el-deeb-st/
properties-kafr-abdo2.csv,EG-4879975,Apartments For sale in Khalil El Masry St.,"3,850,000 EGP",Kafr Abdo,3,1,187,3,Lux,Side Street,1988,Cash,Broker,Abdullah Mahmoud,https://aqarmap.com.eg/en/listing/4879975-for-sale-alexandria-kafr-abdo-khalil-el-masry-st/
properties-kafr-abdo2.csv,EG-5073668,Apartments For sale in Sant Square St.,"6,900,000 EGP",Kafr Abdo,3,3,195,11,Super Lux,Main Street,2000,Cash,Broker,Avalon Resale,https://aqarmap.com.eg/en/listing/5073668-for-sale-alexandria-kafr-abdo-sant-square-st/
properties-kafr-abdo2.csv,EG-5098572,Apartment for sale 270m Kafr Abdo (Ismailia Street),"9,000,000 EGP",Kafr Abdo,3,2,270,4,Extra Super Lux,Main Street,2005,Cash,Broker,Coldwell Banker Platinum,https://aqarmap.com.eg/en/listing/5098572-for-sale-alexandria-kafr-abdo-ismailia-st/
properties-kafr-abdo2.csv,EG-5113854,Apartment for Sale in Kafr Abdo - Alexandria,"9,250,000 EGP",Kafr Abdo,3,3,270,4,Super Lux,Main Street,2005,Cash,Broker,Iproperty,https://aqarmap.com.eg/en/listing/5113854-for-sale-alexandria-kafr-abdo-kafr-abdou-st/
properties-kafr-abdo2.csv,EG-5092019,Apartments For sale in Sant Square St.,"3,200,000 EGP",Kafr Abdo,4,2,140,1,Super Lux,Main Street,1979,Cash,Broker,Avalon Resale,https://aqarmap.com.eg/en/listing/5092019-for-sale-alexandria-kafr-abdo-sant-square-st/
properties-kafr-abdo2.csv,EG-5073068,Duplex For sale in Sant Giyn St.,"7,000,000 EGP",Kafr Abdo,3,3,345,11,Extra Super Lux,Main Street,1998,Cash,Broker,New Home - نيو هوم,https://aqarmap.com.eg/en/listing/5073068-for-sale-alexandria-kafr-abdo-sant-giyn-st/
properties-kafr-abdo2.csv,EG-5044476,Duplex For sale in Ismailia St.,"7,000,000 EGP",Kafr Abdo,3,3,345,11,Extra Super Lux,Main Street,1990,Cash,Broker,New Home - نيو هوم,https://aqarmap.com.eg/en/listing/5044476-for-sale-alexandria-kafr-abdo-ismailia-st/
properties-kafr-abdo2.csv,EG-5139780,Apartment for sale 185 m Kafr Abdo (Street 170),"7,000,000 EGP",Kafr Abdo,3,2,185,9,Super Lux,Other,2017,Cash,Broker,Avalon Resale,https://aqarmap.com.eg/en/listing/5139780-for-sale-alexandria-kafr-abdo-kafr-abdou-st/
properties-kafr-abdo3.csv,EG-5054017,Duplex Apartment for sale 345 m Kafr Abdo (Ismailia St.),"7,000,000 EGP",Kafr Abdo,3,3,345,10,Super Lux,Other,2000,Cash,Broker,Avalon Resale,https://aqarmap.com.eg/en/listing/5054017-for-sale-alexandria-kafr-abdo-ismailia-st/
properties-kafr-abdo3.csv,EG-4877654,Apartment for Sale in Kafr Abdo - Alex,"7,750,000 EGP",Kafr Abdo,4,3,270,4,Lux,Main Street,2006,Cash,Broker,Iproperty,https://aqarmap.com.eg/en/listing/4877654-for-sale-alexandria-kafr-abdo-abd-el-monaem-ryad-st/
properties-kafr-abdo3.csv,EG-4918984,Apartments For sale in Sant Square St.,"7,000,000 EGP",Kafr Abdo,3,3,345,10,Super Lux,Main Street,1999,Cash,Broker,Avalon Resale,https://aqarmap.com.eg/en/listing/4918984-for-sale-alexandria-kafr-abdo-sant-square-st/
properties-kafr-abdo3.csv,EG-4912554,"Duplex for sale, 345 m, Kafr Abdo (Saint Jenny Street)","7,000,000 EGP",Kafr Abdo,3,3,345,10,Super Lux,Other,1999,Cash,Broker,Coldwell Banker Platinum,https://aqarmap.com.eg/en/listing/4912554-for-sale-alexandria-kafr-abdo-sant-giyn-st/
properties-kafr-abdo3.csv,EG-4953124,شقة للبيع 225م صافي كفر عبده - ش سكينة بنت الحسين,"7,000,000 EGP",Kafr Abdo,3,2,225,1,Super Lux,Main Street,2015,Cash,Building Developer,شقتى للتسويق العقارى,https://aqarmap.com.eg/en/listing/4953124-for-sale-alexandria-kafr-abdo-shr-lsyd-skyn-bnt-lhsyn/
properties-kafr-abdo3.csv,EG-5031794,شقة للبيع 150 م كفر عبده (ش امير البحار),"4,600,000 EGP",Kafr Abdo,3,2,150,2,Super Lux,Main Street,2016,Cash,Broker,Avalon Resale,https://aqarmap.com.eg/en/listing/5031794-for-sale-alexandria-kafr-abdo-kafr-abdou-st/
properties-kafr-abdo3.csv,EG-5048493,Apartment for sale 280 m Kafr Abdo (Khalil El Khayat Street),"5,800,000 EGP",Kafr Abdo,3,2,280,Ground,Extra Super Lux,Other,1988,Cash,Broker,Coldwell Banker Platinum,https://aqarmap.com.eg/en/listing/5048493-for-sale-alexandria-kafr-abdo-khaleel-basha-st/
properties-kafr-abdo3.csv,EG-5048032,شقة للبيع 150 م كفر عبده (ش امير البحار),"4,600,000 EGP",Kafr Abdo,3,2,150,2,Super Lux,Other,2016,Cash,Broker,Avalon Resale,https://aqarmap.com.eg/en/listing/5048032-for-sale-alexandria-kafr-abdo-kafr-abdou-st/
properties-kafr-abdo3.csv,EG-4900142,Apartment for Sale in Kafr Abdo - Open Views,"5,200,000 EGP",Kafr Abdo,3,3,190,5,Super Lux,Main Street,2016,Cash,Broker,Iproperty,https://aqarmap.com.eg/en/listing/4900142-for-sale-alexandria-kafr-abdo-shr-lsyd-skyn-bnt-lhsyn/
properties-kafr-abdo3.csv,EG-5068367,Apartment for sale 205 m Kafr Abdou (Ismailia St.),"7,750,000 EGP",Kafr Abdo,3,3,205,4,Extra Super Lux,Other,2021,Cash,Broker,Avalon Resale,https://aqarmap.com.eg/en/listing/5068367-for-sale-alexandria-kafr-abdo-ismailia-st/
properties-kafr-abdo3.csv,EG-4915683,شقة للبيع 228م كفر عبده - ش الإسماعيلية(مطلات مفتوحة ع أبو قير + شارع),"6,500,000 EGP",Kafr Abdo,3,3,228,3,Super Lux,Main Street,1998,Cash,Building Developer,شقتى للتسويق العقارى,https://aqarmap.com.eg/en/listing/4915683-for-sale-alexandria-kafr-abdo-ismailia-st/
properties-kafr-abdo3.csv,EG-4951614,شقة للبيع 325م كفر عبده - فيو مفتوح,"8,500,000 EGP",Kafr Abdo,3,3,325,9,Super Lux,Main Street,2010,Cash,Building Developer,شقتى للتسويق العقارى,https://aqarmap.com.eg/en/listing/4951614-for-sale-alexandria-kafr-abdo-kafr-abdou-st/
properties-kafr-abdo3.csv,EG-4950848,دوبلكس للبيع 344م كفر عبده - خطوات من ميدان سانت جيني,"7,000,000 EGP",Kafr Abdo,3,3,344,10,Super Lux,Main Street,1997,Cash,Building Developer,شقتى للتسويق العقارى,https://aqarmap.com.eg/en/listing/4950848-for-sale-alexandria-kafr-abdo-sant-square-st/
properties-kafr-abdo3.csv,EG-4916768,Apartments For sale in Sant Square St.,"7,000,000 EGP",Kafr Abdo,4,2,345,10,Extra Super Lux,Main Street,1993,Cash,Broker,شركة التميز للتسويق والاستثمار العقاري,https://aqarmap.com.eg/en/listing/4916768-for-sale-alexandria-kafr-abdo-sant-square-st/
properties-kafr-abdo3.csv,EG-4955629,شقة للبيع 188م كفر عبده - ش محمد صفوت(مطلات علي حدائق),"4,500,000 EGP",Kafr Abdo,3,2,188,2,Super Lux,Garden,2016,Cash,Building Developer,شقتى للتسويق العقارى,https://aqarmap.com.eg/en/listing/4955629-for-sale-alexandria-kafr-abdo-mohamed-safwat-st/
properties-kafr-abdo3.csv,EG-5049412,Apartments For sale in Kerdahi St.,"3,800,000 EGP",Kafr Abdo,3,2,155,1,Extra Super Lux,Main Street,1990,Cash,Broker,شركة التميز للتسويق والاستثمار العقاري,https://aqarmap.com.eg/en/listing/5049412-for-sale-alexandria-kafr-abdo-kerdahi-st/
properties-kafr-abdo3.csv,EG-5068597,Apartments For sale in Kafr Abdou St.,"4,500,000 EGP",Kafr Abdo,3,2,160,2,Super Lux,Corner,2020,Cash,Broker,New Home - نيو هوم,https://aqarmap.com.eg/en/listing/5068597-for-sale-alexandria-kafr-abdo-kafr-abdou-st/
properties-kafr-abdo3.csv,EG-4772981,Apartment for sale 276 m Kafr Abdo (San Jenny Square),"10,000,000 EGP",Kafr Abdo,3,3,276,8,Super Lux,Other,2005,Cash,Broker,Coldwell Banker Platinum,https://aqarmap.com.eg/en/listing/4772981-for-sale-alexandria-kafr-abdo-kafr-abdou-st/
properties-kafr-abdo3.csv,EG-5065024,Apartments For sale in Kafr Abdou St.,"4,500,000 EGP",Kafr Abdo,3,1,170,2,Super Lux,Main Street,1999,Cash,Broker,New Home - نيو هوم,https://aqarmap.com.eg/en/listing/5065024-for-sale-alexandria-kafr-abdo-kafr-abdou-st/
properties-kafr-abdo3.csv,EG-5044884,Apartment for sale 125 m Kafr Abdo (Al-Fayoumi st.),"2,700,000 EGP",Kafr Abdo,2,1,125,11,Extra Super Lux,Other,2000,Cash,Broker,Avalon Resale,https://aqarmap.com.eg/en/listing/5044884-for-sale-alexandria-kafr-abdo-kafr-abdou-st/
properties-kafr-abdo4.csv,EG-4837863,Apartment for sale 219 M- Kafr Abdo-Sakina Bint Al Hussein ST.,"7,250,000 EGP",Kafr Abdo,3,2,219,25,Super Lux,Main Street,2014,Cash,Broker,New Home - نيو هوم,https://aqarmap.com.eg/en/listing/4837863-for-sale-alexandria-kafr-abdo-shr-lsyd-skyn-bnt-lhsyn/
properties-kafr-abdo4.csv,EG-4913307,Apartments For sale in Ibrahim Sherif St.,"2,200,000 EGP",Kafr Abdo,2,1,115,5,Super Lux,Side Street,2005,Cash,Broker,DK FOR REAL ESTATE,https://aqarmap.com.eg/en/listing/4913307-for-sale-alexandria-kafr-abdo-ibrahim-sherif-st/
properties-kafr-abdo4.csv,EG-4927870,Apartment for sale - Kafr Abdo - area 130 meters,"3,200,000 EGP",Kafr Abdo,4,2,130,1,Lux,Main Street,1977,Cash,Broker,Aura Real Estate,https://aqarmap.com.eg/en/listing/4927870-for-sale-alexandria-kafr-abdo-khalil-el-masry-st/
properties-kafr-abdo4.csv,EG-4880481,Apartments For sale in Sant Square St.,"3,800,000 EGP",Kafr Abdo,3,3,204,17,Super Lux,Main Street,2013,Cash,Broker,چيران للاستثمار والتطوير العقاري,https://aqarmap.com.eg/en/listing/4880481-for-sale-alexandria-kafr-abdo-sant-square-st/
properties-kafr-abdo4.csv,EG-4809459,شقة للبيع - men كفر عبده - مساحة 304 متر,"12,000,000 EGP",Kafr Abdo,4,3,304,6,Super Lux,Main Street,2011,Cash,Broker,Aura Real Estate,https://aqarmap.com.eg/en/listing/4809459-for-sale-alexandria-kafr-abdo-shr-lsyd-skyn-bnt-lhsyn/
properties-kafr-abdo4.csv,EG-5014898,Apartment for sale 190m Kafr Abdo (Ismailia Street),"6,750,000 EGP",Kafr Abdo,3,2,190,4,Super Lux,Other,2010,Cash,Broker,Coldwell Banker Platinum,https://aqarmap.com.eg/en/listing/5014898-for-sale-alexandria-kafr-abdo-ismailia-st/
properties-kafr-abdo4.csv,EG-4957903,Apartments For sale in Kafr Abdou St.,"4,000,000 EGP",Kafr Abdo,3,2,155,14,Super Lux,Side Street,2017,Cash,Broker,New Home - نيو هوم,https://aqarmap.com.eg/en/listing/4957903-for-sale-alexandria-kafr-abdo-kafr-abdou-st/
properties-kafr-abdo4.csv,EG-4911838,Apartments For sale in Al Sayeda Sakena Bent Al Hussein St,"7,250,000 EGP",Kafr Abdo,3,2,219,5,Super Lux,Main Street,2014,Cash,Broker,New Home - نيو هوم,https://aqarmap.com.eg/en/listing/4911838-for-sale-alexandria-kafr-abdo-shr-lsyd-skyn-bnt-lhsyn/
properties-kafr-abdo4.csv,EG-4881142,Apartment for sale 350 m Kafr Abdo,"14,000,000 EGP",Kafr Abdo,4,3,350,11,Extra Super Lux,Main Street,2005,Cash,Broker,Coldwell Banker Platinum,https://aqarmap.com.eg/en/listing/4881142-for-sale-alexandria-kafr-abdo-kafr-abdou-st/
properties-kafr-abdo4.csv,EG-4930902,Apartments For sale in Ibrahim Sherif St.,"3,500,000 EGP",Kafr Abdo,3,1,150,Ground,Super Lux,Other,2018,Cash,Broker,New Home - نيو هوم,https://aqarmap.com.eg/en/listing/4930902-for-sale-alexandria-kafr-abdo-ibrahim-sherif-st/
properties-kafr-abdo4.csv,EG-4918660,Apartments For sale in Kafr Abdou St.,"2,200,000 EGP",Kafr Abdo,2,1,115,5,Super Lux,Side Street,2005,Cash,Broker,DK FOR REAL ESTATE,https://aqarmap.com.eg/en/listing/4918660-for-sale-alexandria-kafr-abdo-kafr-abdou-st/
properties-kafr-abdo4.csv,EG-4854165,Apartment for sale 260 m Kafr Abdo (Branched from Ismailia st.),"7,500,000 EGP",Kafr Abdo,3,3,260,1,Extra Super Lux,Side Street,1990,Cash,Broker,Avalon Resale,https://aqarmap.com.eg/en/listing/4854165-for-sale-alexandria-kafr-abdo-ismailia-st/
properties-kafr-abdo4.csv,EG-4880203,Apartment for sale 300 m Kafr Abdo (branched from Ismailia Street),"7,500,000 EGP",Kafr Abdo,4,3,300,1,Extra Super Lux,Main Street,1995,Cash,Broker,Coldwell Banker Platinum,https://aqarmap.com.eg/en/listing/4880203-for-sale-alexandria-kafr-abdo-ismailia-st/
properties-kafr-abdo4.csv,EG-4887335,Apartments For sale in Kafr Abdou St.,"8,000,000 EGP",Kafr Abdo,3,3,228,3,Extra Super Lux,Main Street,1996,Cash,Broker,شركة التميز للتسويق والاستثمار العقاري,https://aqarmap.com.eg/en/listing/4887335-for-sale-alexandria-kafr-abdo-kafr-abdou-st/
properties-kafr-abdo4.csv,EG-4906759,شقة للبيع 170م كفر عبده,"4,800,000 EGP",Kafr Abdo,3,1,170,2,Super Lux,Main Street,2008,Cash,Building Developer,شقتى للتسويق العقارى,https://aqarmap.com.eg/en/listing/4906759-for-sale-alexandria-kafr-abdo-kafr-abdou-st/
properties-kafr-abdo4.csv,EG-4898770,شقة للبيع 170م كفر عبده ( أمام القنصلية البريطانية ),"4,500,000 EGP",Kafr Abdo,3,1,170,2,Super Lux,Main Street,1999,Cash,Broker,Coldwell Banker Platinum,https://aqarmap.com.eg/en/listing/4898770-for-sale-alexandria-kafr-abdo-kafr-abdou-st/
properties-kafr-abdo4.csv,EG-4912399,Apartments For sale in Kafr Abdou St.,"4,500,000 EGP",Kafr Abdo,3,1,170,2,Super Lux,Other,1992,Cash,Broker,New Home - نيو هوم,https://aqarmap.com.eg/en/listing/4912399-for-sale-alexandria-kafr-abdo-kafr-abdou-st/
properties-kafr-abdo4.csv,EG-4972271,Apartments For sale in El-Rawda St.,"2,750,000 EGP",Kafr Abdo,2,1,125,11,Super Lux,Main Street,2006,Cash,Broker,Makank Real ESTATE,https://aqarmap.com.eg/en/listing/4972271-for-sale-alexandria-kafr-abdo-el-rawda-st/
properties-kafr-abdo4.csv,EG-5008093,Apartment for sale 228m Kafr Abdo (Ismailia Street),"6,750,000 EGP",Kafr Abdo,3,3,228,9,Lux,Other,1991,Cash,Broker,Coldwell Banker Platinum,https://aqarmap.com.eg/en/listing/5008093-for-sale-alexandria-kafr-abdo-ismailia-st/
properties-kafr-abdo4.csv,EG-4868269,شقة للبيع 225 م كفر عبده ( ش سكينة بنت الحسين),"6,500,000 EGP",Kafr Abdo,3,2,225,2,Super Lux,Main Street,2016,Cash,Broker,Avalon Resale,https://aqarmap.com.eg/en/listing/4868269-for-sale-alexandria-kafr-abdo-shr-lsyd-skyn-bnt-lhsyn/
properties-kafr-abdo5.csv,EG-4830156,"For those who like calm, an apartment for sale, 185 m, in Kafr Abdo","3,100,000 EGP",Kafr Abdo,4,2,185,3,Lux,Main Street,1987,Cash,Broker,REMAX performance,https://aqarmap.com.eg/en/listing/4830156-for-sale-alexandria-kafr-abdo-kafr-abdou-st/
properties-kafr-abdo5.csv,EG-4880954,شقة للبيع 160م كفر عبده ش محمود صبري,"3,500,000 EGP",Kafr Abdo,3,2,160,1,Super Lux,Main Street,1998,Cash,Building Developer,شقتى للتسويق العقارى,https://aqarmap.com.eg/en/listing/4880954-for-sale-alexandria-kafr-abdo-kafr-abdou-st/
properties-kafr-abdo5.csv,EG-4897408,Apartment for sale 140 m Kafr Abdo (Khalil Al-Masry St.),"3,200,000 EGP",Kafr Abdo,3,2,140,1,Super Lux,Side Street,1980,Cash,Broker,Avalon Resale,https://aqarmap.com.eg/en/listing/4897408-for-sale-alexandria-kafr-abdo-khalil-el-masry-st/
properties-kafr-abdo5.csv,EG-4820514,Apartment for sale 210 m Kafr Abdo (ِAbu Qir st.),"5,200,000 EGP",Kafr Abdo,3,2,210,5,Super Lux,Other,2009,Cash,Broker,Avalon Resale,https://aqarmap.com.eg/en/listing/4820514-for-sale-alexandria-kafr-abdo-kafr-abdou-st/
properties-kafr-abdo5.csv,EG-4948326,Apartment for sale 200 m Kafr Abdo (Abd Al Aziz Agamea st),"3,900,000 EGP",Kafr Abdo,3,2,200,1,Super Lux,Other,1900,Cash,Broker,Avalon Resale,https://aqarmap.com.eg/en/listing/4948326-for-sale-alexandria-kafr-abdo-ismailia-st/
properties-kafr-abdo5.csv,EG-4853987,"Apartment for sale, 170 M-Kafr Abdo-Next to the British Consulate","4,500,000 EGP",Kafr Abdo,3,1,170,2,Super Lux,Other,1983,Cash,Broker,New Home - نيو هوم,https://aqarmap.com.eg/en/listing/4853987-for-sale-alexandria-kafr-abdo-kafr-abdou-st/
properties-kafr-abdo5.csv,EG-4803715,Apartments For sale in Ismailia St.,"7,500,000 EGP",Kafr Abdo,3,3,205,4,Extra Super Lux,Main Street,2021,Cash,Broker,شركة التميز للتسويق والاستثمار العقاري,https://aqarmap.com.eg/en/listing/4803715-for-sale-alexandria-kafr-abdo-ismailia-st/
properties-kafr-abdo5.csv,EG-4774677,Apartments For sale in Ibrahim Sherif St.,"7,000,000 EGP",Kafr Abdo,4,3,300,12,Semi Finished,Main Street,2013,Cash,Building Developer,RCR Real State,https://aqarmap.com.eg/en/listing/4774677-for-sale-alexandria-kafr-abdo-ibrahim-sherif-st/
properties-kafr-abdo5.csv,EG-4893329,Apartments For sale in Kafr Abdou St.,"4,000,000 EGP",Kafr Abdo,3,2,155,14,Super Lux,Main Street,2017,Cash,Broker,New Home - نيو هوم,https://aqarmap.com.eg/en/listing/4893329-for-sale-alexandria-kafr-abdo-ahmed-abd-el-aziz-st/
properties-kafr-abdo5.csv,EG-4769987,Apartments For sale in Abd El Monaem Ryad St.,"7,500,000 EGP",Kafr Abdo,3,3,160,1,Extra Super Lux,Main Street,2011,Cash,Building Developer,RCR Real State,https://aqarmap.com.eg/en/listing/4769987-for-sale-alexandria-kafr-abdo-abd-el-monaem-ryad-st/
properties-kafr-abdo5.csv,EG-4977328,Apartments For sale in Sant Giyn St.,"4,500,000 EGP",Kafr Abdo,3,1,170,2,Super Lux,Other,1996,Cash,Broker,New Home - نيو هوم,https://aqarmap.com.eg/en/listing/4977328-for-sale-alexandria-kafr-abdo-sant-giyn-st/
properties-kafr-abdo5.csv,EG-4974080,Apartments For sale in Ismailia St.,"9,000,000 EGP",Kafr Abdo,3,2,210,2,Super Lux,Main Street,2002,Cash,Broker,New Home - نيو هوم,https://aqarmap.com.eg/en/listing/4974080-for-sale-alexandria-kafr-abdo-ismailia-st/
properties-kafr-abdo5.csv,EG-4885745,Apartments For sale in Sant Square St.,"5,200,000 EGP",Kafr Abdo,3,2,210,5,Super Lux,Other,2008,Cash,Broker,Avalon Resale,https://aqarmap.com.eg/en/listing/4885745-for-sale-alexandria-kafr-abdo-sant-square-st/
properties-kafr-abdo5.csv,EG-4737013,Apartments For sale in Sant Giyn St.,"6,000,000 EGP",Kafr Abdo,3,3,220,2,Super Lux,Side Street,2015,Cash,Building Developer,شقتى للتسويق العقارى,https://aqarmap.com.eg/en/listing/4737013-for-sale-alexandria-kafr-abdo-sant-giyn-st/
properties-kafr-abdo5.csv,EG-4942753,Apartments For sale in Kafr Abdou St.,"3,100,000 EGP",Kafr Abdo,2,2,140,5,Super Lux,Main Street,1990,Cash,Broker,Avalon Resale,https://aqarmap.com.eg/en/listing/4942753-for-sale-alexandria-kafr-abdo-kafr-abdou-st/
properties-kafr-abdo5.csv,EG-4757716,Apartments For sale in Nabeel Shakir Hassan St.,"5,000,000 EGP",Kafr Abdo,3,1,170,2,Lux,Main Street,1995,Cash,Building Developer,RCR Real State,https://aqarmap.com.eg/en/listing/4757716-for-sale-alexandria-kafr-abdo-nabeel-shakir-hassan-st/
properties-kafr-abdo5.csv,EG-4772545,Apartment for sale - Kafr Abdo,"12,000,000 EGP",Kafr Abdo,4,3,304,6,Extra Super Lux,Main Street,2011,Cash,Broker,Aura Real Estate,https://aqarmap.com.eg/en/listing/4772545-for-sale-alexandria-kafr-abdo-kafr-abdou-st/
properties-kafr-abdo5.csv,EG-5008692,Apartments For sale in Mohammed Abo Al Fatoh Hasab St. ( Al Riada ),"5,700,000 EGP",Kafr Abdo,3,2,180,1,Super Lux,Side Street,2014,Cash,Broker,Benaya,https://aqarmap.com.eg/en/listing/5008692-for-sale-alexandria-kafr-abdo-sant-square-st/
properties-kafr-abdo5.csv,EG-4993022,Apartments For sale in Kafr Abdou St.,"7,500,000 EGP",Kafr Abdo,3,2,210,2,Super Lux,Main Street,2002,Cash,Broker,New Home - نيو هوم,https://aqarmap.com.eg/en/listing/4993022-for-sale-alexandria-kafr-abdo-kafr-abdou-st/
properties-kafr-abdo5.csv,EG-4903857,شقه للبيع كفر عبده (شارع رئيسي ),"9,000,000 EGP",Kafr Abdo,3,2,210,2,Extra Super Lux,Main Street,2002,Cash,Broker,شركة التميز للتسويق والاستثمار العقاري,https://aqarmap.com.eg/en/listing/4903857-for-sale-alexandria-kafr-abdo-kafr-abdou-st/
properties-kafr-abdo6.csv,EG-4484985,شقة للبيع بكمبوند ريزيدنس كفر عبده الاسكندريه,"7,000,000 EGP",Kafr Abdo,3,2,185,9,Super Lux,Main Street,2017,Cash,Private Owner,هشام عادل محمد الجزيرى,https://aqarmap.com.eg/en/listing/4484985-for-sale-alexandria-kafr-abdo-el-iman-st/
properties-kafr-abdo6.csv,EG-4854115,Apartments For sale in Kafr Abdou St.,"2,200,000 EGP",Kafr Abdo,2,1,115,1,Super Lux,Main Street,2016,Cash,Broker,New Home - نيو هوم,https://aqarmap.com.eg/en/listing/4854115-for-sale-alexandria-kafr-abdo-kafr-abdou-st/
properties-kafr-abdo6.csv,EG-4880954,شقة للبيع 160م كفر عبده ش محمود صبري,"3,500,000 EGP",Kafr Abdo,3,2,160,1,Super Lux,Main Street,1998,Cash,Building Developer,شقتى للتسويق العقارى,https://aqarmap.com.eg/en/listing/4880954-for-sale-alexandria-kafr-abdo-kafr-abdou-st/
properties-kafr-abdo6.csv,EG-5033827,Apartments For sale in Sant Square St.,"5,000,000 EGP",Kafr Abdo,3,1,140,14,Extra Super Lux,Main Street,1999,Cash,Private Owner,Menna sly,https://aqarmap.com.eg/en/listing/5033827-for-sale-alexandria-kafr-abdo-sant-square-st/
properties-kafr-abdo6.csv,EG-4967714,Apartments For sale in Mohamed Safwat St.,"4,800,000 EGP",Kafr Abdo,3,2,188,2,Super Lux,Garden,2016,Cash,Private Owner,Salma Ma7moud,https://aqarmap.com.eg/en/listing/4967714-for-sale-alexandria-kafr-abdo-mohamed-safwat-st/
properties-kafr-abdo6.csv,EG-4796011,Apartments For sale in Kafr Abdou St.,"3,250,000 EGP",Kafr Abdo,3,2,180,1,Super Lux,Side Street,1999,Cash,Building Developer,شقتى للتسويق العقارى,https://aqarmap.com.eg/en/listing/4796011-for-sale-alexandria-kafr-abdo-kafr-abdou-st/
properties-kafr-abdo6.csv,EG-5098585,"For sale in Kafr Abdo, an apartment of 160 square meters","6,200,000 EGP",Kafr Abdo,3,2,160,7,Super Lux,Main Street,2012,Cash,Broker,Turkyre Realestate,https://aqarmap.com.eg/en/listing/5098585-for-sale-alexandria-kafr-abdo-el-rawda-st/
properties-kafr-abdo6.csv,EG-4753076,شقة للبيع 206م كفر عبده,"4,300,000 EGP",Kafr Abdo,3,2,206,2,Extra Super Lux,Main Street,2000,Cash,Building Developer,شقتى للتسويق العقارى,https://aqarmap.com.eg/en/listing/4753076-for-sale-alexandria-kafr-abdo-kafr-abdou-st/
properties-kafr-abdo6.csv,EG-5163914,شقه في كفر عبده,"4,300,000 EGP",Kafr Abdo,3,3,160,6,Lux,Main Street,1982,Cash,Private Owner,هاله نعمةالله,https://aqarmap.com.eg/en/listing/5163914-for-sale-alexandria-kafr-abdo/
properties-kafr-abdo6.csv,EG-4900721,Apartment for sale 200 m in Kafr Abdo (Kafr Abdo main street),"5,350,000 EGP",Kafr Abdo,3,2,200,8,Extra Super Lux,Main Street,2000,Cash,Broker,Coldwell Banker Platinum,https://aqarmap.com.eg/en/listing/4900721-for-sale-alexandria-kafr-abdo-kafr-abdou-st/
properties-kafr-abdo6.csv,EG-4739286,Apartment for sale 210 m Kafr Abdo (Ismailia St.),"5,500,000 EGP",Kafr Abdo,3,3,210,11,Extra Super Lux,Other,2010,Cash,Broker,Avalon Resale,https://aqarmap.com.eg/en/listing/4739286-for-sale-alexandria-kafr-abdo-ismailia-st/
properties-kafr-abdo6.csv,EG-5161595,شقه للبيع في أرقي المناطق كــفـرعــبـده خطوات من ميدان سانت جيني – 310متر,"7,000,000 EGP",Kafr Abdo,4,4,310,4,Super Lux,Main Street,1988,Cash,Broker,investa realestat,https://aqarmap.com.eg/en/listing/5161595-for-sale-alexandria-kafr-abdo-sant-square-st/
properties-kafr-abdo6.csv,"27,077 EGP/M²",ULTRA LUXURY APARTMENT - KAFR ABDO,"8,800,000 EGP",Kafr Abdo,3,3,325,4,Extra Super Lux,Commercial Financing,Main Street,2010,Cash or Installments,Mina Bassily,https://aqarmap.com.eg/en/listing/4893573-for-sale-alexandria-kafr-abdo-kerdahi-st/
properties-kafr-abdo6.csv,EG-4994099,For quick sale the lowest price of an apartment in Kafr Abdo,"1,850,000 EGP",Kafr Abdo,2,1,72,6,Semi Finished,Side Street,2012,Cash,Private Owner,محمد مصطفى,https://aqarmap.com.eg/en/listing/4994099-for-sale-alexandria-kafr-abdo-shr-lsyd-skyn-bnt-lhsyn/
properties-kafr-abdo6.csv,EG-4981341,Apartments For sale in Kafr Abdou St.,"5,200,000 EGP",Kafr Abdo,3,2,200,8,Super Lux,Main Street,2012,Cash,Broker,شركة التميز للتسويق والاستثمار العقاري,https://aqarmap.com.eg/en/listing/4981341-for-sale-alexandria-kafr-abdo-kafr-abdou-st/
properties-kafr-abdo6.csv,EG-4763297,Apartment for sale - Kafr Abdo - area 190 meters,"4,500,000 EGP",Kafr Abdo,3,3,190,5,Super Lux,Main Street,2014,Cash,Broker,Aura Real Estate,https://aqarmap.com.eg/en/listing/4763297-for-sale-alexandria-kafr-abdo-shr-lsyd-skyn-bnt-lhsyn/
properties-kafr-abdo6.csv,EG-4746407,Apartments For sale in Khaleel Basha St.,"2,800,000 EGP",Kafr Abdo,3,2,140,1,Semi Finished,Side Street,1990,Cash,Private Owner,user+2001007515851,https://aqarmap.com.eg/en/listing/4746407-for-sale-alexandria-kafr-abdo-khaleel-basha-st/
properties-kafr-abdo6.csv,EG-4743168,Apartments For sale in Kafr Abdou St.,"3,500,000 EGP",Kafr Abdo,3,1,136,3,Extra Super Lux,Main Street,2016,Cash,Private Owner,محمد احمد,https://aqarmap.com.eg/en/listing/4743168-for-sale-alexandria-kafr-abdo-kafr-abdou-st/
properties-kafr-abdo6.csv,EG-4697906,Apartments For sale in Ismailia St.,"9,600,000 EGP",Kafr Abdo,3,3,270,4,Extra Super Lux,Main Street,2002,Cash,Broker,Salem Salem,https://aqarmap.com.eg/en/listing/4697906-for-sale-alexandria-kafr-abdo-ismailia-st/
properties-kafr-abdo6.csv,EG-4760071,"Apartment for sale, 165 m, Kafr Abdo (Khalil Al Khayyat Street)","4,250,000 EGP",Kafr Abdo,4,1,165,5,Lux,Side Street,1990,Cash,Broker,Coldwell Banker Platinum,https://aqarmap.com.eg/en/listing/4760071-for-sale-alexandria-kafr-abdo-khaleel-basha-st/
properties-kafr-abdo7.csv,EG-5190555,شقه للبيع في كفر عبده,"4,500,000 EGP",Kafr Abdo,2,2,154,5,Extra Super Lux,Other,2020,Cash,Private Owner,,https://aqarmap.com.eg/en/listing/5190555-for-sale-alexandria-kafr-abdo/
properties-kafr-abdo7.csv,EG-5178310,شقة للبيع في كفر عبده,"5,000,000 EGP",Kafr Abdo,3,2,160,6,Super Lux,Other,2012,Cash,Broker,,https://aqarmap.com.eg/en/listing/5178310-for-sale-alexandria-kafr-abdo/
properties-kafr-abdo7.csv,EG-4987543,شقة للبيع,"3,350,000 EGP",Kafr Abdo,3,1,125,1,Super Lux,Other,2020,Cash,Broker,,https://aqarmap.com.eg/en/listing/4987543-for-sale-alexandria-kafr-abdo/
properties-kafr-abdo7.csv,EG-5192908,شقة للبيع - كفر عبدو، شارع جيسوب,"10,000,000 EGP",Kafr Abdo,3,3,260,1,Super Lux,Other,2017,Cash,Broker,,https://aqarmap.com.eg/en/listing/5192908-for-sale-alexandria-kafr-abdo-hausop-st/
properties-kafr-abdo7.csv,EG-5192887,شقة للبيع في كفر عبده,"4,300,000 EGP",Kafr Abdo,3,3,160,6,Super Lux,Other,1986,Cash or Installments,Private Owner,,https://aqarmap.com.eg/en/listing/5192887-for-sale-alexandria-kafr-abdo/
properties-kafr-abdo7.csv,EG-5188814,شقة سوبر لوكس للبيع - مساحة 125 متر,"3,100,000 EGP",Kafr Abdo,3,1,125,10,Super Lux,Other,2015,Cash,Private Owner,,https://aqarmap.com.eg/en/listing/5188814-for-sale-alexandria-kafr-abdo/
properties-kafr-abdo7.csv,EG-4857695,شقة للبيع بولكلي ناحية كفر عبده خلف نادي القضاة,"5,000,000 EGP",Kafr Abdo,4,3,202,1,Super Lux,Other,2010,Cash,Broker,,https://aqarmap.com.eg/en/listing/4857695-for-sale-alexandria-kafr-abdo/
properties-kafr-abdo7.csv,EG-5187749,شقه للبيع في كفر عبده,"4,400,000 EGP",Kafr Abdo,3,3,150,6,Super Lux,Other,2013,Cash,Private Owner,,https://aqarmap.com.eg/en/listing/5187749-for-sale-alexandria-kafr-abdo/
properties-kafr-abdo7.csv,EG-5169296,شقة للبيع في كفر عبدو - موقع متميز,"10,000,000 EGP",Kafr Abdo,3,3,260,Ground,Extra Super Lux,Other,2017,Cash,Broker,,https://aqarmap.com.eg/en/listing/5169296-for-sale-alexandria-kafr-abdo/
properties-kafr-abdo7.csv,EG-5189378,شقة للبيع في كفر عبده - دور أرضي بمزايا مميزة,"5,500,000 EGP",Kafr Abdo,5,1,180,Ground,Extra Super Lux,Main Street,1985,Cash,Private Owner,,https://aqarmap.com.eg/en/listing/5189378-for-sale-alexandria-kafr-abdo/
properties-kafr-abdo7.csv,EG-5189128,شقة للبيع في كفر عبده,"4,500,000 EGP",Kafr Abdo,2,2,154,5,Extra Super Lux,Main Street,2012,Cash,Private Owner,,https://aqarmap.com.eg/en/listing/5189128-for-sale-alexandria-kafr-abdo/
properties-kafr-abdo7.csv,EG-5025029,شقة رائعة للبيع,"2,300,000 EGP",Kafr Abdo,3,2,135,2,Extra Super Lux,Other,1999,Cash,Broker,,https://aqarmap.com.eg/en/listing/5025029-for-sale-alexandria-kafr-abdo/
properties-kafr-abdo7.csv,EG-5174345,شقة للبيع في كفر عبده - فرصة استثمارية رائعة!,"8,000,000 EGP",Kafr Abdo,3,3,273,Ground,Super Lux,Other,2021,Cash,Broker,,https://aqarmap.com.eg/en/listing/5174345-for-sale-alexandria-kafr-abdo/
properties-kafr-abdo7.csv,EG-5188787,شقة للبيع - فرصة متميزة,"4,600,000 EGP",Kafr Abdo,3,2,142,10,Super Lux,Other,2015,Cash,Private Owner,,https://aqarmap.com.eg/en/listing/5188787-for-sale-alexandria-kafr-abdo/
properties-kafr-abdo7.csv,EG-5195139,شقة للبيع في كفر عبده بسعر مميز,"3,700,000 EGP",Kafr Abdo,3,3,145,1,Super Lux,Other,2015,Cash,Broker,,https://aqarmap.com.eg/en/listing/5195139-for-sale-alexandria-kafr-abdo-shr-lsyd-skyn-bnt-lhsyn/
properties-kafr-abdo7.csv,EG-5189192,شقة للبيع في كفر عبدو,"4,500,000 EGP",Kafr Abdo,2,1,154,5,Extra Super Lux,Main Street,1992,Cash,Private Owner,,https://aqarmap.com.eg/en/listing/5189192-for-sale-alexandria-kafr-abdo/
properties-kafr-abdo7.csv,EG-5158725,شقة للبيع بكفر عبدو، في شارع جيسوب، بموقع راقي خطوات من بنك CIB.,"10,000,000 EGP",Kafr Abdo,3,3,260,2,Super Lux,Side Street,2017,Cash,Broker,,https://aqarmap.com.eg/en/listing/5158725-for-sale-alexandria-kafr-abdo-hausop-st/
properties-kafr-abdo7.csv,EG-5183642,شقة للبيع في كفر عبده - شارع سكينة بنت الحسين,"400,000 EGP",Kafr Abdo,4,3,145,4,Super Lux,Other,2016,Cash,Private Owner,,https://aqarmap.com.eg/en/listing/5183642-for-sale-1478/
properties-kafr-abdo7.csv,EG-5183534,شقة للبيع في كفر عبده,"3,100,000 EGP",Kafr Abdo,2,2,135,8,Super Lux,Other,2011,Cash,Broker,,https://aqarmap.com.eg/en/listing/5183534-for-sale-alexandria-kafr-abdo/
properties-kafr-abdo7.csv,EG-5179796,شقة للبيع كفر عبده شارع امير البحار,"4,600,000 EGP",Kafr Abdo,3,2,170,14,Super Lux,Side Street,2013,Cash,Private Owner,,https://aqarmap.com.eg/en/listing/5179796-for-sale-alexandria-kafr-abdo/
properties-kafr-abdo8.csv,EG-5130407,شقه للبيع 140 متر,"2,000,000 EGP",Kafr Abdo,3,2,140,2,Super Lux,Other,1990,Cash,Private Owner,,https://aqarmap.com.eg/en/listing/5130407-for-sale-alexandria-kafr-abdo/
properties-kafr-abdo8.csv,EG-5037975,شقة دوبليكس للبيع,"7,000,000 EGP",Kafr Abdo,3,1,345,10,Super Lux,Other,2021,Cash,Private Owner,,https://aqarmap.com.eg/en/listing/5037975-for-sale-alexandria-kafr-abdo/
properties-kafr-abdo8.csv,EG-5083256,للبيع شقة ١٦٥م,"5,000,000 EGP",Kafr Abdo,3,2,165,6,Super Lux,Other,2017,Cash,Broker,,https://aqarmap.com.eg/en/listing/5083256-for-sale-alexandria-kafr-abdo/
properties-kafr-abdo8.csv,EG-5166533,شقة للبيع في أرقى منطقة بكفر عبده,"5,000,000 EGP",Kafr Abdo,3,2,165,6,Super Lux,Other,2017,Cash,Broker,,https://aqarmap.com.eg/en/listing/5166533-for-sale-alexandria-kafr-abdo/
properties-kafr-abdo8.csv,EG-5127277,كفر عبده ريسيبشن و3 غرف على الشارع ممنوع الوسطاء منعا للاحراج,"7,500,000 EGP",Kafr Abdo,3,2,220,5,Super Lux,Other,2019,Cash,Private Owner,,https://aqarmap.com.eg/en/listing/5127277-for-sale-alexandria-kafr-abdo/
properties-kafr-abdo8.csv,EG-5162461,للبيع شقة مميزة في كفر عبده بمساحة 150 متر مربع.,"3,200,000 EGP",Kafr Abdo,3,2,150,2,Super Lux,Other,2017,Cash,Broker,,https://aqarmap.com.eg/en/listing/5162461-for-sale-alexandria-kafr-abdo/
properties-kafr-abdo8.csv,EG-5129721,شقة مميزة للبيع فى كفر عبده المساحة : 202 م عدد الحمامات : 3 و 4 غرف,"5,100,000 EGP",Kafr Abdo,4,3,202,1,Extra Super Lux,Main Street,2009,Cash,Broker,,https://aqarmap.com.eg/en/listing/5129721-for-sale-alexandria-kafr-abdo/
properties-kafr-abdo8.csv,EG-5060215,شقه للبيع مبانى ٢٠١٧,"5,000,000 EGP",Kafr Abdo,3,2,165,6,Super Lux,Other,2017,Cash,Broker,,https://aqarmap.com.eg/en/listing/5060215-for-sale-alexandria-kafr-abdo/
properties-kafr-abdo8.csv,EG-5180229,شقة 150 متر مربع للبيع - الدور السادس,"4,400,000 EGP",Kafr Abdo,3,3,150,6,Super Lux,Other,2018,Cash,Private Owner,,https://aqarmap.com.eg/en/listing/5180229-for-sale-alexandria-kafr-abdo/
properties-kafr-abdo8.csv,EG-5060163,شقه للبيع 150 متر,"4,500,000 EGP",Kafr Abdo,3,2,150,1,Super Lux,Other,2001,Cash,Broker,,https://aqarmap.com.eg/en/listing/5060163-for-sale-alexandria-kafr-abdo/
properties-kafr-abdo8.csv,EG-5162795,شقة للبيع في كفر عبده - موقع مميز بالقرب من سانت جيني,"5,000,000 EGP",Kafr Abdo,3,2,160,6,Super Lux,Other,2012,Cash,Broker,,https://aqarmap.com.eg/en/listing/5162795-for-sale-alexandria-kafr-abdo-sant-giyn-st/
properties-kafr-abdo8.csv,EG-5035599,شقه للبيع سوبر لوكس كاملة العدادات في منطقة راقيه,"5,200,000 EGP",Kafr Abdo,3,1,200,8,Super Lux,Other,2021,Cash,Broker,,https://aqarmap.com.eg/en/listing/5035599-for-sale-alexandria-kafr-abdo-kafr-abdou-st/
properties-kafr-abdo8.csv,EG-5168453,شقة للبيع في كفر عبده,"4,300,000 EGP",Kafr Abdo,3,3,160,6,Super Lux,Main Street,1999,Cash,Private Owner,,https://aqarmap.com.eg/en/listing/5168453-for-sale-alexandria-kafr-abdo/
properties-kafr-abdo8.csv,EG-5060099,شقه للبيع 125م,"2,200,000 EGP",Kafr Abdo,2,1,125,9,Super Lux,Main Street,2022,Cash,Broker,,https://aqarmap.com.eg/en/listing/5060099-for-sale-alexandria-kafr-abdo/
properties-kafr-abdo8.csv,EG-5122697,شقة للبيع 210م,"7,500,000 EGP",Kafr Abdo,3,2,210,2,Super Lux,Other,2002,Cash,Broker,,https://aqarmap.com.eg/en/listing/5122697-for-sale-alexandria-kafr-abdo/
properties-kafr-abdo8.csv,EG-5078079,شقة للبيع ١٦٠ متر,"2,900,000 EGP",Kafr Abdo,3,3,160,5,Super Lux,Other,2022,Cash,Broker,,https://aqarmap.com.eg/en/listing/5078079-for-sale-alexandria-kafr-abdo-sant-giyn-st/
properties-kafr-abdo8.csv,EG-5162480,شقة فاخرة للبيع في كفر عبده - استثمار متميز!,"5,100,000 EGP",Kafr Abdo,4,3,202,1,Extra Super Lux,Other,2020,Cash,Broker,,https://aqarmap.com.eg/en/listing/5162480-for-sale-alexandria-kafr-abdo/
properties-kafr-abdo8.csv,EG-5145538,شقه للبيع,"1,450,000 EGP",Kafr Abdo,4,1,100,Ground,Super Lux,Other,2024,Cash,Private Owner,,https://aqarmap.com.eg/en/listing/5145538-for-sale-alexandria-kafr-abdo/
properties-kafr-abdo8.csv,EG-5164370,شقة فاخرة للبيع في كفر عبده,"5,000,000 EGP",Kafr Abdo,3,2,165,6,Super Lux,Other,2017,Cash,Broker,,https://aqarmap.com.eg/en/listing/5164370-for-sale-alexandria-kafr-abdo/
properties-kafr-abdo8.csv,EG-5170128,شقة فاخرة للبيع في كفر عبده - شارع الإسماعيلية,"8,800,000 EGP",Kafr Abdo,3,3,228,3,Super Lux,Side Street,2009,Cash,Broker,,https://aqarmap.com.eg/en/listing/5170128-for-sale-alexandria-kafr-abdo/
properties-kafr-abdo9.csv,EG-4989147,شقه للبيع بالاسكندريه كفر عبده,"3,100,000 EGP",Kafr Abdo,3,2,180,3,Super Lux,Other,1980,Cash,Broker,,https://aqarmap.com.eg/en/listing/4989147-for-sale-alexandria-kafr-abdo/
properties-kafr-abdo9.csv,EG-4815840,شقة للبيع ١٩٠م كفرعبده (اول سكن) ڤيو مفتوح على قصر طلعت مصطفى,"4,700,000 EGP",Kafr Abdo,3,3,190,5,Extra Super Lux,Other,2016,Cash,Broker,,https://aqarmap.com.eg/en/listing/4815840-for-sale-alexandria-kafr-abdo-shr-lsyd-skyn-bnt-lhsyn/
properties-kafr-abdo9.csv,EG-4765954,شقة للبيع من المالك مباشر136 متر,"3,500,000 EGP",Kafr Abdo,3,1,136,3,Super Lux,Main Street,1985,Cash,Private Owner,,https://aqarmap.com.eg/en/listing/4765954-for-sale-alexandria-kafr-abdo/
properties-kafr-abdo9.csv,EG-5026700,شقه للبيع 185 م بكفر عبده الدور 3 -(4 غرف + 2 حمام + ريسيبشن ),"3,200,000 EGP",Kafr Abdo,4,2,185,3,Super Lux,Other,1987,Cash,Broker,,https://aqarmap.com.eg/en/listing/5026700-for-sale-alexandria-kafr-abdo/
properties-kafr-abdo9.csv,EG-5023521,شقه للبيع,"2,900,000 EGP",Kafr Abdo,3,2,150,5,Super Lux,Main Street,2022,Cash,Broker,,https://aqarmap.com.eg/en/listing/5023521-for-sale-alexandria-kafr-abdo/
properties-kafr-abdo9.csv,EG-5075340,شقة ف كفر عبده ٣ غرف ريسبشن ٣ قطع فيو مفتوح,"4,200,000 EGP",Kafr Abdo,3,1,210,1,Super Lux,Side Street,2020,Cash,Broker,,https://aqarmap.com.eg/en/listing/5075340-for-sale-alexandria-kafr-abdo-el-iman-st/
properties-kafr-abdo9.csv,EG-4995370,• شقه فى الاسكندريه للبيع ١٣٥ م •,"2,500,000 EGP",Kafr Abdo,3,2,135,2,Super Lux,Other,1993,Cash,Broker,,https://aqarmap.com.eg/en/listing/4995370-for-sale-alexandria-kafr-abdo/
properties-kafr-abdo9.csv,EG-4986120,شقة للبيع 3 غرف - ريسبشن 2 قطعه - حمام - مطبخ,"3,100,000 EGP",Kafr Abdo,3,1,140,16,Super Lux,Other,2022,Cash,Broker,,https://aqarmap.com.eg/en/listing/4986120-for-sale-alexandria-kafr-abdo-ibrahim-sherif-st/
properties-kafr-abdo9.csv,EG-4944661,للبيع شقه كفر عبدة ?? في مربع سكني كامل ومتكامل الخدمات البنكيه والمدرسية و,"4,200,000 EGP",Kafr Abdo,3,2,150,1,Super Lux,Other,2001,Cash,Broker,,https://aqarmap.com.eg/en/listing/4944661-for-sale-alexandria-kafr-abdo/
properties-kafr-abdo9.csv,EG-4936379,شقه للبيع كفر عبده بجوار فكهاني النصر,"5,500,000 EGP",Kafr Abdo,4,2,215,2,Super Lux,Main Street,1998,Cash,Broker,,https://aqarmap.com.eg/en/listing/4936379-for-sale-alexandria-kafr-abdo/
properties-kafr-abdo9.csv,EG-5035913,شقه للبيع بالاسكندريه كفر عبده ميدان سانت جينى,"4,200,000 EGP",Kafr Abdo,3,3,195,3,Super Lux,Other,2020,Cash,Broker,,https://aqarmap.com.eg/en/listing/5035913-for-sale-alexandria-kafr-abdo-sant-square-st/
properties-kafr-abdo9.csv,EG-4957501,للبيع شقه مساحه ٢٠٠ متر صافي الشقه كلها علي شارع كفر عبدو الرئيسي,"5,200,000 EGP",Kafr Abdo,3,1,200,8,Super Lux,Side Street,2020,Cash,Broker,,https://aqarmap.com.eg/en/listing/4957501-for-sale-alexandria-kafr-abdo/
properties-kafr-abdo9.csv,EG-5056188,شقه للبيع 150 متر,"4,500,000 EGP",Kafr Abdo,3,2,150,1,Extra Super Lux,Other,2001,Cash,Broker,,https://aqarmap.com.eg/en/listing/5056188-for-sale-alexandria-kafr-abdo/
properties-kafr-abdo9.csv,EG-5022245,شقه للبيع بالاسكندريه 140 متر,"3,600,000 EGP",Kafr Abdo,3,1,140,1,Super Lux,Other,2018,Cash,Broker,,https://aqarmap.com.eg/en/listing/5022245-for-sale-alexandria-kafr-abdo/
properties-kafr-abdo9.csv,EG-4998129,للبيع شقه فى كفر عبده,"4,500,000 EGP",Kafr Abdo,3,2,188,1,Super Lux,Other,2016,Cash,Broker,,https://aqarmap.com.eg/en/listing/4998129-for-sale-alexandria-kafr-abdo-kafr-abdou-st/
properties-kafr-abdo9.csv,EG-5015972,شقة للبيع بكفر عبده تصلح سكني أو اداري,"3,200,000 EGP",Kafr Abdo,3,2,140,1,Super Lux,Other,2021,Cash,Broker,,https://aqarmap.com.eg/en/listing/5015972-for-sale-alexandria-kafr-abdo/
properties-kafr-abdo9.csv,EG-5035484,شقه للبيع ١٣٥ م٣ غرف ريسبشن قطعتين ٢ حمام مطبخ اسانسير تشطيب سوبر,"2,500,000 EGP",Kafr Abdo,3,2,135,2,Super Lux,Side Street,1992,Cash,Broker,,https://aqarmap.com.eg/en/listing/5035484-for-sale-alexandria-kafr-abdo-kafr-abdou-st/
properties-kafr-abdo9.csv,EG-4949304,شقة راقيه للبيع بكفر عبده,"5,200,000 EGP",Kafr Abdo,3,1,200,8,Extra Super Lux,Other,2021,Cash,Broker,,https://aqarmap.com.eg/en/listing/4949304-for-sale-alexandria-kafr-abdo/
properties-kafr-abdo9.csv,EG-5026283,شقة للبيع,"2,300,000 EGP",Kafr Abdo,3,1,145,2,Super Lux,Other,1999,Cash,Broker,,https://aqarmap.com.eg/en/listing/5026283-for-sale-alexandria-kafr-abdo/
properties-kafr-abdo9.csv,EG-4954352,شقه للبيع بالاسكندريه,"2,900,000 EGP",Kafr Abdo,3,2,150,16,Extra Super Lux,Other,2020,Cash,Broker,,https://aqarmap.com.eg/en/listing/4954352-for-sale-alexandria-kafr-abdo/
