Source.Name,Listing ID,Title,Price,Location,Rooms,Baths,Size in Meters,Floor,Finish Type,View,Year Built,Payment Method,Seller Type,Developer,Property Link
properties-fleming1.csv,EG-4957703,شقة للبيع 180م فلمنج شارع ابو قير,"4,500,000 EGP",Fleming,3,2,180,8,Super Lux,Main Street,1996,Cash,Building Developer,شقتى للتسويق العقارى,https://aqarmap.com.eg/en/listing/4957703-for-sale-alexandria-fleming/
properties-fleming1.csv,EG-5082286,Apartments For sale in La Vison St,"3,500,000 EGP",Fleming,3,2,145,1,Extra Super Lux,Main Street,2013,Cash,Broker,شركة التميز للتسويق والاستثمار العقاري,https://aqarmap.com.eg/en/listing/5082286-for-sale-alexandria-fleming-la-vison-st/
properties-fleming1.csv,EG-5020450,Apartment for sale 130 m Fleming (Ahmed Basha Tork st - Beside fathallah),"2,500,000 EGP",Fleming,3,1,130,12,Super Lux,Other,2005,Cash,Broker,Avalon Resale,https://aqarmap.com.eg/en/listing/5020450-for-sale-alexandria-fleming-ahmed-basha-tork-st/
properties-fleming1.csv,EG-4958076,Apartment for sale 105 m Fleming (Fathallah towers),"2,050,000 EGP",Fleming,2,1,105,7,Super Lux,,2012,Cash,Broker,Avalon Resale,https://aqarmap.com.eg/en/listing/4958076-for-sale-alexandria-fleming-mostafa-kamel-st/
properties-fleming1.csv,EG-5150798,Apartments For sale in Mostafa Kamel St.,"3,650,000 EGP",Fleming,3,2,145,2,Extra Super Lux,Main Street,2012,Cash,Broker,شركة التميز للتسويق والاستثمار العقاري,https://aqarmap.com.eg/en/listing/5150798-for-sale-alexandria-fleming-mostafa-kamel-st/
properties-fleming1.csv,EG-5076162,Apartments For sale in Winget,"2,800,000 EGP",Fleming,3,2,145,1,Super Lux,Other,2015,Cash,Broker,New Home - نيو هوم,https://aqarmap.com.eg/en/listing/5076162-for-sale-alexandria-fleming-la-vison-st/
properties-fleming1.csv,EG-4979907,Apartments For sale in Abd El-Fattah El-Taweel St,"4,100,000 EGP",Fleming,3,2,165,16,Super Lux,Other,2015,Cash,Broker,Avalon Resale,https://aqarmap.com.eg/en/listing/4979907-for-sale-alexandria-fleming-abd-el-fattah-el-taweel-st/
properties-fleming1.csv,EG-5057192,Apartments For sale in Mostafa Kamel St.,"3,200,000 EGP",Fleming,3,2,173,1,Super Lux,Other,2000,Cash,Broker,Avalon Resale,https://aqarmap.com.eg/en/listing/5057192-for-sale-alexandria-fleming-mostafa-kamel-st/
properties-fleming1.csv,EG-5107643,شقة للبيع 230 م جليم (شارع مصطفى فهمي),"4,500,000 EGP",Fleming,3,2,230,3,Super Lux,,2010,Cash,Broker,Avalon Resale,https://aqarmap.com.eg/en/listing/5107643-for-sale-alexandria-fleming-mostafa-fahmy-st/
properties-fleming1.csv,EG-5161934,Apartment for sale - Fleming - area 100 full meters,"1,100,000 EGP",Fleming,3,1,100,16,Super Lux,,2011,Cash,Broker,REMAX TOP AGENTS,https://aqarmap.com.eg/en/listing/5161934-for-sale-alexandria-fleming-mostafa-kamel-st/
properties-fleming1.csv,EG-4867744,شقة للبيع 160م فلمنج - بجوار كلية تربية رياضية,"3,200,000 EGP",Fleming,3,2,160,15,Super Lux,Main Street,2017,Cash,Building Developer,شقتى للتسويق العقارى,https://aqarmap.com.eg/en/listing/4867744-for-sale-alexandria-fleming-naeel-mansour-st/
properties-fleming1.csv,EG-5194839,Apartments For sale in Soliman Naguib St,"3,900,000 EGP",Fleming,5,2,186,4,Super Lux,Side Street,1990,Cash,Broker,Avalon Resale,https://aqarmap.com.eg/en/listing/5194839-for-sale-alexandria-fleming-soliman-naguib-st/
properties-fleming1.csv,EG-5158561,شقة للبيع 120 م (ش لافيزون),"2,050,000 EGP",Fleming,3,1,120,10,Super Lux,Other,2014,Cash,Broker,Avalon Resale,https://aqarmap.com.eg/en/listing/5158561-for-sale-alexandria-fleming-la-vison-st/
properties-fleming1.csv,EG-5172006,"Residential Unit for Sale, 125m², Lavizon Street – Boukly","1,950,000 EGP",Fleming,2,1,125,6,Super Lux,Main Street,1999,Cash,Broker,Makank Real ESTATE,https://aqarmap.com.eg/en/listing/5172006-for-sale-alexandria-fleming-la-vison-st/
properties-fleming1.csv,EG-5016382,Apartments For sale in Mostafa Kamel St.,"3,000,000 EGP",Fleming,3,1,125,2,Super Lux,Main Street,2012,Cash,Broker,New Home - نيو هوم,https://aqarmap.com.eg/en/listing/5016382-for-sale-alexandria-fleming-mostafa-kamel-st/
properties-fleming1.csv,EG-4912247,شقة للبيع 175م فلمنج - ش مصطفى كامل الرئيسى,"4,000,000 EGP",Fleming,3,2,175,10,Super Lux,Main Street,2017,Cash,Building Developer,شقتى للتسويق العقارى,https://aqarmap.com.eg/en/listing/4912247-for-sale-alexandria-fleming-mostafa-kamel-st/
properties-fleming1.csv,EG-5077054,Apartments For sale in Mostafa Fahmy St,"3,000,000 EGP",Fleming,3,1,125,2,Super Lux,Side Street,2012,Cash,Broker,New Home - نيو هوم,https://aqarmap.com.eg/en/listing/5077054-for-sale-alexandria-fleming-mostafa-fahmy-st/
properties-fleming1.csv,EG-4906738,شقة للبيع 135م فلمنج (أول سكن),"3,400,000 EGP",Fleming,3,2,135,2,Super Lux,Main Street,2018,Cash,Building Developer,شقتى للتسويق العقارى,https://aqarmap.com.eg/en/listing/4906738-for-sale-alexandria-fleming-naeel-mansour-st/
properties-fleming1.csv,EG-5199367,Apartments For sale in Mostafa Kamel St.,"5,500,000 EGP",Fleming,3,3,217,4,Super Lux,Side Street,2017,Cash,Broker,Benaya,https://aqarmap.com.eg/en/listing/5199367-for-sale-alexandria-fleming-mostafa-kamel-st/
properties-fleming1.csv,EG-4899556,Apartments For sale in Mostafa Fahmy St,"3,250,000 EGP",Fleming,3,2,210,3,Lux,Main Street,1986,Cash,Broker,New Home - نيو هوم,https://aqarmap.com.eg/en/listing/4899556-for-sale-alexandria-fleming-mostafa-fahmy-st/
properties-fleming10.csv,EG-4949667,شقه للبيع,"1,950,000 EGP",Fleming,2,1,110,7,Super Lux,Main Street,2020,Cash,Broker,,https://aqarmap.com.eg/en/listing/4949667-for-sale-alexandria-fleming/
properties-fleming10.csv,EG-4949527,فلمنج خطوات من الترام✔️ فرصه لا تعوض ✅ شارع راقي☑️ 140م✨,"2,000,000 EGP",Fleming,3,1,140,8,Super Lux,Side Street,2013,Cash,Broker,,https://aqarmap.com.eg/en/listing/4949527-for-sale-alexandria-fleming-naeel-mansour-st/
properties-fleming10.csv,EG-4927739,فلمنج الترام مباشر شقة روعة للبيع 2 غرف كبار ريسبشن 2 قطع ناصية كلها,"1,600,000 EGP",Fleming,2,1,85,4,Super Lux,Corner,1977,Cash,Broker,,https://aqarmap.com.eg/en/listing/4927739-for-sale-alexandria-fleming/
properties-fleming10.csv,EG-4949476,شقه للبيع في فلمنج,"1,600,000 EGP",Fleming,2,1,80,4,Super Lux,Corner,1977,Cash,Broker,,https://aqarmap.com.eg/en/listing/4949476-for-sale-alexandria-fleming-el-fath-st/
properties-fleming10.csv,EG-4944535,شقه للبيع فلمنج,"1,950,000 EGP",Fleming,3,1,110,3,Super Lux,Other,2021,Cash,Broker,,https://aqarmap.com.eg/en/listing/4944535-for-sale-alexandria-fleming/
properties-fleming10.csv,EG-4922606,فلمنج خطوات من الترام فرصه لا تعوض شارع راقي 140م شقة للبيع,"2,000,000 EGP",Fleming,3,1,140,8,Extra Super Lux,Main Street,2013,Cash,Broker,,https://aqarmap.com.eg/en/listing/4922606-for-sale-alexandria-fleming-naeel-mansour-st/
properties-fleming10.csv,EG-4929959,شقه للبيع فى فلمنج ش احمد ترك 130متر متفرعه من شارع مصطفى كامل الدور ال17,"2,200,000 EGP",Fleming,3,2,130,17,Super Lux,Other,2015,Cash,Broker,,https://aqarmap.com.eg/en/listing/4929959-for-sale-alexandria-fleming-ahmed-basha-tork-st/
properties-fleming10.csv,EG-4936549,شقة للبيع فلمنج ش احمد باشا ترك المســـــــــــاحة : 80 م,"1,300,000 EGP",Fleming,2,1,80,6,Extra Super Lux,Main Street,1990,Cash,Private Owner,,https://aqarmap.com.eg/en/listing/4936549-for-sale-alexandria-fleming-ahmed-basha-tork-st/
properties-fleming10.csv,EG-4950470,شقه للبيع بفلمنج,"2,000,000 EGP",Fleming,3,2,125,1,Super Lux,Other,2016,Cash,Broker,,https://aqarmap.com.eg/en/listing/4950470-for-sale-alexandria-fleming-abd-el-fattah-el-taweel-st/
properties-fleming10.csv,EG-4929013,شقة للبيع شارع ابن سنان فلمنح مطصفى كامل,"1,500,000 EGP",Fleming,3,1,110,1,Super Lux,Main Street,2014,Cash,Broker,,https://aqarmap.com.eg/en/listing/4929013-for-sale-alexandria-fleming-mostafa-kamel-st/
properties-fleming10.csv,EG-4945624,شقة للبيع فلمنج على الترام مباشر,"4,000,000 EGP",Fleming,4,2,275,3,Super Lux,Main Street,2021,Cash,Broker,,https://aqarmap.com.eg/en/listing/4945624-for-sale-alexandria-fleming/
properties-fleming10.csv,EG-4949737,شقه للبيع,"2,350,000 EGP",Fleming,2,1,100,1,Extra Super Lux,Back,1990,Cash,Broker,,https://aqarmap.com.eg/en/listing/4949737-for-sale-alexandria-fleming/
properties-fleming10.csv,EG-4927539,فلمنج الترام مباشر شقة روعة للبيع 160 متر,"3,250,000 EGP",Fleming,3,2,160,3,Super Lux,Corner,1977,Cash,Broker,,https://aqarmap.com.eg/en/listing/4927539-for-sale-alexandria-fleming-naeel-mansour-st/
properties-fleming10.csv,EG-4949732,شقه للبيع,"2,350,000 EGP",Fleming,2,1,100,1,Extra Super Lux,Back,1990,Cash,Broker,,https://aqarmap.com.eg/en/listing/4949732-for-sale-alexandria-fleming/
properties-fleming10.csv,EG-4926887,شقه للبيع,"995,000 EGP",Fleming,2,1,95,13,Super Lux,Other,2014,Cash,Broker,,https://aqarmap.com.eg/en/listing/4926887-for-sale-alexandria-fleming-abd-el-fattah-el-taweel-st/
properties-fleming10.csv,EG-4934879,فلمنج الترام مباشر شقة روعة للبيع 85 متر 2 غرف كبار ريسبشن 2 قطع ناصية كلها,"1,600,000 EGP",Fleming,2,1,85,4,Super Lux,Other,1977,Cash or Installments,Broker,,https://aqarmap.com.eg/en/listing/4934879-for-sale-alexandria-fleming-naeel-mansour-st/
properties-fleming10.csv,EG-4949761,شقه للبيع,"2,000,000 EGP",Fleming,3,1,125,2,Extra Super Lux,Main Street,2016,Cash,Broker,,https://aqarmap.com.eg/en/listing/4949761-for-sale-alexandria-fleming-abd-el-fattah-el-taweel-st/
properties-fleming10.csv,EG-4951658,شقه للبيع,"2,000,000 EGP",Fleming,3,2,125,1,Extra Super Lux,Main Street,2016,Cash,Broker,,https://aqarmap.com.eg/en/listing/4951658-for-sale-alexandria-fleming-abd-el-fattah-el-taweel-st/
properties-fleming10.csv,EG-4938026,شقه للبيع 140 م,"2,000,000 EGP",Fleming,3,1,140,8,Super Lux,Other,2013,Cash,Broker,,https://aqarmap.com.eg/en/listing/4938026-for-sale-alexandria-fleming-mostafa-kamel-st/
properties-fleming10.csv,EG-4928837,من المالك مباشرة بدون وسيط للبيع بفلمنج اخر شارع عبد الفتاح الطويل,"950,000 EGP",Fleming,2,1,90,13,Super Lux,Other,2021,Cash,Private Owner,,https://aqarmap.com.eg/en/listing/4928837-for-sale-alexandria-fleming-abd-el-fattah-el-taweel-st/
properties-fleming11.csv,EG-4954658,شقه للبيع بفلمنج,"1,300,000 EGP",Fleming,3,1,100,13,Super Lux,Other,2013,Cash,Private Owner,,https://aqarmap.com.eg/en/listing/4954658-for-sale-alexandria-fleming/
properties-fleming11.csv,EG-5079117,شقه للبيع 175 م فلمنج ( خطوات من شارع ابو قير ),"5,200,000 EGP",Fleming,3,2,175,10,Super Lux,Other,2016,Cash,Private Owner,,https://aqarmap.com.eg/en/listing/5079117-for-sale-alexandria-fleming/
properties-fleming11.csv,EG-4885634,شقه للبيع فلمنج هي بين فلمج و سابا باشا ،110 متر ،,"1,950,000 EGP",Fleming,3,1,110,3,Extra Super Lux,Other,2021,Cash,Broker,,https://aqarmap.com.eg/en/listing/4885634-for-sale-alexandria-fleming-naeel-mansour-st/
properties-fleming11.csv,EG-4836059,شقة للبيع في فلمنج,"2,600,000 EGP",Fleming,3,1,155,14,Super Lux,Other,2004,Cash,Broker,,https://aqarmap.com.eg/en/listing/4836059-for-sale-alexandria-fleming-el-fath-st/
properties-fleming11.csv,EG-4901715,شقة للبيع ١٢٠ م بالاسكندريه ( ترى البحر ),"3,000,000 EGP",Fleming,3,1,120,4,Lux,Sea View,2010,Cash,Broker,,https://aqarmap.com.eg/en/listing/4901715-for-sale-alexandria-fleming/
properties-fleming11.csv,EG-4903994,شقة للبيع ١٢٠ م بفلمنج خامس نمرة من البحر ( ترى البحر ),"3,000,000 EGP",Fleming,3,1,120,4,Lux,Sea View,2010,Cash,Broker,,https://aqarmap.com.eg/en/listing/4903994-for-sale-alexandria-fleming/
properties-fleming11.csv,EG-4846290,شقه للبيع فلمنج هي بين فلمج و سابا باشا ،110 متر,"1,950,000 EGP",Fleming,3,1,110,3,Super Lux,Other,2021,Cash,Broker,,https://aqarmap.com.eg/en/listing/4846290-for-sale-alexandria-fleming/
properties-fleming11.csv,EG-5078864,شقة للبيع 200 م فلمنج (على الترام مباشرة),"6,500,000 EGP",Fleming,3,2,200,9,Super Lux,Other,2015,Cash,Private Owner,,https://aqarmap.com.eg/en/listing/5078864-for-sale-alexandria-fleming/
properties-fleming11.csv,EG-4856977,شقة بفلمنج ١١٠م خطوه من مصطفى كامل,"1,700,000 EGP",Fleming,2,1,110,12,Super Lux,Other,2010,Cash,Broker,,https://aqarmap.com.eg/en/listing/4856977-for-sale-alexandria-fleming-mostafa-kamel-st/
properties-fleming11.csv,EG-4867854,شقة للبيع 140م-فلمنج -متفرع من شارع مصطفى كامل,"1,850,000 EGP",Fleming,3,2,140,6,Super Lux,Other,2021,Cash,Broker,,https://aqarmap.com.eg/en/listing/4867854-for-sale-alexandria-fleming-mostafa-kamel-st/
properties-fleming11.csv,EG-4920459,شقة للبيع 165 م فلمنج (شارع طمازين),"2,500,000 EGP",Fleming,3,2,165,10,Lux,Side Street,20212,Cash,Broker,,https://aqarmap.com.eg/en/listing/4920459-for-sale-alexandria-fleming-takla-st/
properties-fleming11.csv,EG-4870971,شقه للبيع فى فلمنج ش احمد ترك 130متر متفرعه من شارع مصطفى كامل الدور ال17 وليست,"2,250,000 EGP",Fleming,3,2,130,11,Super Lux,Side Street,2014,Cash,Broker,,https://aqarmap.com.eg/en/listing/4870971-for-sale-alexandria-fleming-ahmed-basha-tork-st/
properties-fleming11.csv,EG-4906876,شقه للبيع بين فلمنج وشارع الاذاعه بجوار مستشفي البترول علي الترام مباشرتا,"2,600,000 EGP",Fleming,3,1,155,14,Extra Super Lux,Other,2004,Cash,Private Owner,,https://aqarmap.com.eg/en/listing/4906876-for-sale-alexandria-fleming-naeel-mansour-st/
properties-fleming11.csv,EG-4867822,شقة للبيع 210 م فلمنج ( محطة ترام فلمنج ),"3,250,000 EGP",Fleming,3,2,210,3,Super Lux,Other,1980,Cash,Broker,,https://aqarmap.com.eg/en/listing/4867822-for-sale-alexandria-fleming/
properties-fleming11.csv,EG-4898148,للبيع شقه ٣ غرف و ريسيبشن ٣ قطع مطبخ و حمام فلمنج ش متفرع من ش مصطفى كامل,"1,500,000 EGP",Fleming,3,1,135,3,Super Lux,Other,1980,Cash,Private Owner,,https://aqarmap.com.eg/en/listing/4898148-for-sale-alexandria-fleming-mostafa-fahmy-st/
properties-fleming11.csv,EG-5078913,للبيع شقة 153 متر ش تكلا خطوات من ش مصطفي كامل,"2,400,000 EGP",Fleming,3,2,153,7,Super Lux,Other,2015,Cash,Broker,,https://aqarmap.com.eg/en/listing/5078913-for-sale-alexandria-fleming-mostafa-kamel-st/
properties-fleming11.csv,EG-4866811,شقه للبيع فى فلمنج ش احمد ترك 130متر متفرعه من شارع مصطفى كامل الدور ال17 وليست,"2,250,000 EGP",Fleming,3,2,130,17,Super Lux,Other,2015,Cash,Broker,,https://aqarmap.com.eg/en/listing/4866811-for-sale-alexandria-fleming-ahmed-basha-tork-st/
properties-fleming11.csv,EG-4867841,شقه بشارع احمد باشا 155 متراجمالي,"2,900,000 EGP",Fleming,3,2,155,5,Super Lux,Other,2021,Cash,Private Owner,,https://aqarmap.com.eg/en/listing/4867841-for-sale-alexandria-fleming-ahmed-basha-tork-st/
properties-fleming11.csv,EG-4887678,شقه للبيع من المالك شارع احمد باشا ترك بفلمنج الدور الارضى ( داخلى بها مناور),"1,400,000 EGP",Fleming,3,1,120,Ground,Super Lux,Main Street,2021,Cash,Private Owner,,https://aqarmap.com.eg/en/listing/4887678-for-sale-alexandria-fleming-naeel-mansour-st/
properties-fleming11.csv,EG-5078764,شقه غرفتين في عماره تمانينات شهيره في فلمنج شارع ابوقير,"2,600,000 EGP",Fleming,2,1,120,4,Super Lux,Other,2015,Cash,Private Owner,,https://aqarmap.com.eg/en/listing/5078764-for-sale-alexandria-fleming/
properties-fleming12.csv,EG-4811165,شقة للبيع تطل كلها علي الشارع,"2,700,000 EGP",Fleming,3,2,165,10,Super Lux,Other,2014,Cash,Private Owner,,https://aqarmap.com.eg/en/listing/4811165-for-sale-alexandria-fleming/
properties-fleming12.csv,EG-4833738,شقه للبيع,"2,500,000 EGP",Fleming,3,1,155,14,Extra Super Lux,Other,2002,Cash,Broker,,https://aqarmap.com.eg/en/listing/4833738-for-sale-alexandria-fleming/
properties-fleming12.csv,EG-4812814,شقه 155 متر للبيع بفلمنج,"2,600,000 EGP",Fleming,3,1,155,14,Super Lux,Other,2004,Cash,Broker,,https://aqarmap.com.eg/en/listing/4812814-for-sale-alexandria-fleming/
properties-fleming12.csv,EG-4814644,شقه للبيع فلمنج,"180,000 EGP",Fleming,2,1,75,2,Lux,Side Street,2020,Cash,Broker,,https://aqarmap.com.eg/en/listing/4814644-for-sale-alexandria-fleming-al-khaledi-st/
properties-fleming12.csv,EG-4833883,شقه للبيع تشطيب سوبر لوكس,"2,600,000 EGP",Fleming,3,1,155,14,Super Lux,Main Street,2004,Cash,Broker,,https://aqarmap.com.eg/en/listing/4833883-for-sale-alexandria-fleming/
properties-fleming12.csv,EG-4811709,?شقه للبيع بفلمنج 155 متر,"2,500,000 EGP",Fleming,3,2,155,14,Super Lux,Other,2004,Cash,Broker,,https://aqarmap.com.eg/en/listing/4811709-for-sale-alexandria-fleming/
properties-fleming12.csv,EG-4829631,شقة للبيع فى فلمنج شارع احمد باشا ترك,"2,700,000 EGP",Fleming,3,1,165,10,Super Lux,Main Street,2020,Cash,Broker,,https://aqarmap.com.eg/en/listing/4829631-for-sale-alexandria-fleming/
properties-fleming12.csv,EG-4814867,""" الدور التاسع الاخير سلم ٧٥م اوضتين وصالة قطعتين ""","180,000 EGP",Fleming,2,1,75,9,Lux,Other,2021,Cash,Broker,,https://aqarmap.com.eg/en/listing/4814867-for-sale-alexandria-fleming-al-khaledi-st/
properties-fleming12.csv,EG-4796569,شقة للبيع 150م بفلمنج خطوات من مصطفى كامل تشطيب سوبر لوكس,"3,050,000 EGP",Fleming,3,2,150,10,Super Lux,Side Street,2014,Cash,Broker,,https://aqarmap.com.eg/en/listing/4796569-for-sale-alexandria-fleming-mostafa-kamel-st/
properties-fleming12.csv,EG-4812497,امتلك شقه,"2,500,000 EGP",Fleming,3,2,155,14,Super Lux,Main Street,2004,Cash,Broker,,https://aqarmap.com.eg/en/listing/4812497-for-sale-alexandria-fleming/
properties-fleming12.csv,EG-4809741,شقه للليع,"2,200,000 EGP",Fleming,3,2,145,1,Super Lux,Other,2013,Cash,Private Owner,,https://aqarmap.com.eg/en/listing/4809741-for-sale-alexandria-fleming/
properties-fleming12.csv,EG-4807540,شقه للبيع,"180,000 EGP",Fleming,2,1,75,9,Lux,Other,2020,Cash,Broker,,https://aqarmap.com.eg/en/listing/4807540-for-sale-alexandria-fleming/
properties-fleming12.csv,EG-4829283,شقه للبيع فلمنج بحري شارع أبو قير - إطلالة مباشرة لشارع أبو قير ومطلات مفتوحة,"2,000,000 EGP",Fleming,3,2,180,5,Super Lux,Other,1990,Cash,Broker,,https://aqarmap.com.eg/en/listing/4829283-for-sale-alexandria-fleming-naeel-mansour-st/
properties-fleming12.csv,EG-4809379,شقه للبيع,"2,600,000 EGP",Fleming,3,2,155,14,Super Lux,Other,2001,Cash,Private Owner,,https://aqarmap.com.eg/en/listing/4809379-for-sale-alexandria-fleming/
properties-fleming12.csv,EG-4796593,اغتنم الفرصه شقة بمكان راق بفليمنح خطوات من الترام110 متر,"2,150,000 EGP",Fleming,2,1,110,5,Super Lux,Main Street,1982,Cash,Private Owner,,https://aqarmap.com.eg/en/listing/4796593-for-sale-alexandria-fleming/
properties-fleming12.csv,EG-4813713,شقة للبيع في فلمنج,"2,500,000 EGP",Fleming,3,1,155,14,Super Lux,Other,2004,Cash,Broker,,https://aqarmap.com.eg/en/listing/4813713-for-sale-alexandria-fleming-el-fath-st/
properties-fleming12.csv,EG-4812862,شقه للبيع فلمنج,"180,000 EGP",Fleming,2,1,75,9,Lux,Main Street,2020,Cash,Broker,,https://aqarmap.com.eg/en/listing/4812862-for-sale-alexandria-fleming/
properties-fleming12.csv,EG-4827015,شقة لوكس دور التاسع والأخير,"180,000 EGP",Fleming,2,1,75,9,Lux,Other,2021,Cash,Broker,,https://aqarmap.com.eg/en/listing/4827015-for-sale-alexandria-fleming/
properties-fleming12.csv,EG-4814579,شقه للبيع في اسكندريه فلمنج,"180,000 EGP",Fleming,2,1,75,9,Super Lux,Main Street,2023,Cash,Broker,,https://aqarmap.com.eg/en/listing/4814579-for-sale-alexandria-fleming/
properties-fleming12.csv,EG-4831236,شقة للبيع في فلمنج,"965,000 EGP",Fleming,2,1,97,8,Lux,Side Street,2009,Cash,Broker,,https://aqarmap.com.eg/en/listing/4831236-for-sale-alexandria-fleming/
properties-fleming13.csv,EG-4779589,شقة للبيع في فلمنج,"1,890,000 EGP",Fleming,2,1,110,2,Super Lux,Side Street,1993,Cash,Broker,,https://aqarmap.com.eg/en/listing/4779589-for-sale-alexandria-fleming/
properties-fleming13.csv,EG-4777265,شقة للبيع بفلمنج ١٦٠م خطوات من مصطفى كامل,"3,300,000 EGP",Fleming,3,2,160,10,Super Lux,Other,2021,Cash,Broker,,https://aqarmap.com.eg/en/listing/4777265-for-sale-alexandria-fleming-mostafa-kamel-st/
properties-fleming13.csv,EG-4778786,شقة للبيع في فلمنج,"2,850,000 EGP",Fleming,3,2,170,12,Super Lux,Other,1985,Cash,Private Owner,,https://aqarmap.com.eg/en/listing/4778786-for-sale-alexandria-fleming-el-fath-st/
properties-fleming13.csv,EG-4768722,شقه للبيع 170 م,"2,900,000 EGP",Fleming,3,2,170,12,Extra Super Lux,Other,2004,Cash,Broker,,https://aqarmap.com.eg/en/listing/4768722-for-sale-alexandria-fleming/
properties-fleming13.csv,EG-4806707,لمحبي الفخامه والفيو المفتوح شقه للبيع بين فلمنج وشارع الاذاعه,"2,500,000 EGP",Fleming,3,1,155,14,Extra Super Lux,Other,2004,Cash,Broker,,https://aqarmap.com.eg/en/listing/4806707-for-sale-alexandria-fleming-naeel-mansour-st/
properties-fleming13.csv,EG-4749292,شوفو الحلويات قرب مستنى ايه شقة للبيع مساحه125م,"1,500,000 EGP",Fleming,3,1,125,5,Super Lux,Other,1980,Cash,Broker,,https://aqarmap.com.eg/en/listing/4749292-for-sale-alexandria-fleming-abd-el-fattah-el-taweel-st/
properties-fleming13.csv,EG-4777281,شقة للبيع 110م-فلمنج-شارع مصطفى كامل,"2,200,000 EGP",Fleming,3,1,110,12,Super Lux,Other,2021,Cash,Broker,,https://aqarmap.com.eg/en/listing/4777281-for-sale-alexandria-fleming-mostafa-kamel-st/
properties-fleming13.csv,EG-4749369,شوفو الحلويات قرب مستنى ايه ?شقة للبيع مساحة 125 م,"1,500,000 EGP",Fleming,3,1,125,5,Super Lux,Other,2005,Cash,Broker,,https://aqarmap.com.eg/en/listing/4749369-for-sale-alexandria-fleming-abd-el-fattah-el-taweel-st/
properties-fleming13.csv,EG-4777335,شقة للبيع 115م بُـ فلمنج على الترام مباشره,"2,100,000 EGP",Fleming,2,1,115,2,Super Lux,Other,2021,Cash,Broker,,https://aqarmap.com.eg/en/listing/4777335-for-sale-alexandria-fleming/
properties-fleming13.csv,EG-4751633,شقه ١٦٠ متر بفلمنج مصطفي كامل,"3,300,000 EGP",Fleming,3,2,160,10,Extra Super Lux,Other,2013,Cash,Broker,,https://aqarmap.com.eg/en/listing/4751633-for-sale-mostafa-kamel-st/
properties-fleming13.csv,EG-4796598,شقة بيع 155م فلمنج علي الترام مباشرة مطلات مفتوحة,"2,600,000 EGP",Fleming,3,2,155,10,Super Lux,Main Street,1986,Cash,Broker,,https://aqarmap.com.eg/en/listing/4796598-for-sale-alexandria-fleming/
properties-fleming13.csv,EG-4754405,للبيع شقة 175متر في فلمنج علي الترام,"2,850,000 EGP",Fleming,3,1,175,1,Super Lux,Other,2005,Cash,Private Owner,,https://aqarmap.com.eg/en/listing/4754405-for-sale-alexandria-fleming-el-fath-st/
properties-fleming13.csv,EG-4779711,شقه للبيع,"2,900,000 EGP",Fleming,3,2,150,10,Super Lux,Other,2014,Cash,Private Owner,,https://aqarmap.com.eg/en/listing/4779711-for-sale-alexandria-fleming-mostafa-kamel-st/
properties-fleming13.csv,EG-4807727,شقه للبيع تشطيب سوبر لوكس,"420,000 EGP",Fleming,2,1,65,7,Super Lux,Main Street,2021,Cash,Broker,,https://aqarmap.com.eg/en/listing/4807727-for-sale-alexandria-fleming/
properties-fleming13.csv,EG-4802782,شقة للبيع في فلمنج,"2,500,000 EGP",Fleming,3,1,155,14,Extra Super Lux,Other,2004,Cash,Broker,,https://aqarmap.com.eg/en/listing/4802782-for-sale-alexandria-fleming-el-fath-st/
properties-fleming13.csv,EG-4765866,شقه للبيع في فلمنج شارع مصطفى كامل منطقه هادئه,"2,400,000 EGP",Fleming,3,1,110,12,Super Lux,Other,1995,Cash,Broker,,https://aqarmap.com.eg/en/listing/4765866-for-sale-mostafa-kamel-st/
properties-fleming13.csv,EG-4755965,شقة للبيع 110م ٣ ب فلمنج غرف و ريسيبشن قطعتين و مطبخ و حمام,"2,200,000 EGP",Fleming,3,1,110,12,Super Lux,Other,1995,Cash,Broker,,https://aqarmap.com.eg/en/listing/4755965-for-sale-alexandria-fleming-naeel-mansour-st/
properties-fleming13.csv,EG-4754804,للبيع شقة 175متر,"2,850,000 EGP",Fleming,3,2,175,1,Super Lux,Other,2005,Cash,Private Owner,,https://aqarmap.com.eg/en/listing/4754804-for-sale-alexandria-fleming-el-fath-st/
properties-fleming13.csv,EG-4777227,"شقة 90 م صافي للبيع بفلمنج خطوات للترام ""بدواليب المطبخ","1,900,000 EGP",Fleming,2,1,90,11,Super Lux,Other,2021,Cash,Broker,,https://aqarmap.com.eg/en/listing/4777227-for-sale-alexandria-fleming/
properties-fleming13.csv,EG-4751557,شقه للبيع بين فلمنج وشارع الاذاعه بجوار مستشفي البترول علي الترام مباشرتا,"2,500,000 EGP",Fleming,3,2,155,14,Extra Super Lux,Main Street,2021,Cash or Installments,Private Owner,,https://aqarmap.com.eg/en/listing/4751557-for-sale-alexandria-fleming-naeel-mansour-st/
properties-fleming14.csv,EG-5023324,شقه للبيع 118م في فلمنج بشارع احمد باشا,"1,290,000 EGP",Fleming,3,1,118,3,Super Lux,Other,2021,Cash,Broker,,https://aqarmap.com.eg/en/listing/5023324-for-sale-alexandria-fleming-ahmed-basha-tork-st/
properties-fleming14.csv,EG-5024510,شقة تمليك للبيع,"250,000 EGP",Fleming,2,1,55,1,Super Lux,Main Street,2002,Cash,Broker,,https://aqarmap.com.eg/en/listing/5024510-for-sale-alexandria-fleming/
properties-fleming14.csv,EG-5066181,شقه للبيع سوبر لوكس من المالك مباشرة,"800,000 EGP",Fleming,2,1,85,4,Super Lux,Other,2020,Cash,Private Owner,,https://aqarmap.com.eg/en/listing/5066181-for-sale-alexandria-fleming-al-ksaai-st/
properties-fleming14.csv,EG-4964866,شقه للبيع 95 م,"995,000 EGP",Fleming,2,1,95,13,Super Lux,Other,2014,Cash,Broker,,https://aqarmap.com.eg/en/listing/4964866-for-sale-alexandria-fleming-abd-el-fattah-el-taweel-st/
properties-fleming14.csv,EG-4954534,شقه للبيع,"870,000 EGP",Fleming,2,1,75,7,Super Lux,Main Street,2020,Cash,Broker,,https://aqarmap.com.eg/en/listing/4954534-for-sale-alexandria-fleming-mostafa-kamel-st/
properties-fleming14.csv,EG-5015579,شقه للبيع,"4,500,000 EGP",Fleming,3,2,180,8,Super Lux,Other,2024,Cash,Broker,,https://aqarmap.com.eg/en/listing/5015579-for-sale-alexandria-fleming/
properties-fleming14.csv,EG-5066383,شقه للبيع فلمنج بجانب محطة ترام فلمنج شارع طمازين ١٤٠ متر صافي ريسبشن كبير,"2,400,000 EGP",Fleming,3,2,140,4,Super Lux,Other,2013,Cash,Broker,,https://aqarmap.com.eg/en/listing/5066383-for-sale-alexandria-fleming/
properties-fleming14.csv,EG-4968706,شقه للبيع فلمنج,"2,000,000 EGP",Fleming,4,2,140,6,Super Lux,Side Street,2010,Cash,Broker,,https://aqarmap.com.eg/en/listing/4968706-for-sale-alexandria-fleming-ahmed-basha-tork-st/
properties-fleming14.csv,EG-4954921,شقه للبيع فى فلمنج ش احمد ترك 130متر متفرعه من شارع مصطفى كامل الدور ال17,"2,250,000 EGP",Fleming,3,2,130,17,Super Lux,Other,2014,Cash,Broker,,https://aqarmap.com.eg/en/listing/4954921-for-sale-alexandria-fleming-ahmed-basha-tork-st/
properties-fleming14.csv,EG-4920448,شقة للبيع ب فلمنج 135م - بمساحة 140م : ( 3 غرف +ريسبشن 3 قطع +2 حمام ) - تشط,"3,400,000 EGP",Fleming,3,2,140,2,Super Lux,Side Street,2000,Cash,Broker,,https://aqarmap.com.eg/en/listing/4920448-for-sale-alexandria-fleming/
properties-fleming14.csv,EG-4970891,شقة للبيع بالاسكندرية فلمنج 140 متر,"3,000,000 EGP",Fleming,3,2,140,3,Super Lux,Other,2020,Cash,Private Owner,,https://aqarmap.com.eg/en/listing/4970891-for-sale-alexandria-fleming-mostafa-kamel-st/
properties-fleming14.csv,EG-5015436,شقه للبيع,"1,600,000 EGP",Fleming,2,1,115,4,Super Lux,Other,2024,Cash,Private Owner,,https://aqarmap.com.eg/en/listing/5015436-for-sale-alexandria-fleming/
properties-fleming14.csv,EG-5006362,شقه للبيع في فلمنج مساحة 80 متر,"1,600,000 EGP",Fleming,2,1,80,4,Super Lux,Other,1977,Cash,Broker,,https://aqarmap.com.eg/en/listing/5006362-for-sale-alexandria-fleming-el-fath-st/
properties-fleming14.csv,EG-4930170,شقه للبيع فى فلمنج ش احمد ترك 130متر متفرعه من شارع مصطفى كامل,"2,200,000 EGP",Fleming,3,2,130,17,Super Lux,Other,2014,Cash,Broker,,https://aqarmap.com.eg/en/listing/4930170-for-sale-alexandria-fleming-ahmed-basha-tork-st/
properties-fleming14.csv,EG-4747578,شقه للبيع. لعشاق الفخامه و الاماكن الهاديه و المساحات الواسعه و الابراج الشيك ا,"3,300,000 EGP",Fleming,3,2,160,10,Extra Super Lux,Main Street,2013,Cash or Installments,Broker,,https://aqarmap.com.eg/en/listing/4747578-for-sale-mostafa-kamel-st/
properties-fleming14.csv,EG-4950349,شقه للبيع فى الاسكندرية,"360,000 EGP",Fleming,2,1,50,6,Super Lux,Other,2015,Cash,Broker,,https://aqarmap.com.eg/en/listing/4950349-for-sale-alexandria-fleming/
properties-fleming14.csv,EG-4978182,شقه للبيع تشطيب سوبر لوكس,"2,000,000 EGP",Fleming,4,1,140,6,Super Lux,Main Street,2010,Cash,Broker,,https://aqarmap.com.eg/en/listing/4978182-for-sale-alexandria-fleming-ahmed-basha-tork-st/
properties-fleming14.csv,EG-4747501,شقه للبيع على فيو مفتوح,"2,500,000 EGP",Fleming,3,2,155,14,Extra Super Lux,Main Street,2004,Cash or Installments,Broker,,https://aqarmap.com.eg/en/listing/4747501-for-sale-alexandria-fleming/
properties-fleming14.csv,EG-5038103,شقة للبيع 165 متر 3 غرف 3 ريسبشن حمام. الدور7 تشطيب سوبر لوكس,"3,300,000 EGP",Fleming,3,1,165,7,Super Lux,Main Street,2003,Cash,Broker,,https://aqarmap.com.eg/en/listing/5038103-for-sale-alexandria-fleming-naeel-mansour-st/
properties-fleming14.csv,EG-4738488,شقه للبيع بين فلمنج وشارع الاذاعه بجوار مستشفي البترول علي الترام فيو مفتوح,"2,500,000 EGP",Fleming,3,1,155,14,Extra Super Lux,Main Street,2004,Cash,Broker,,https://aqarmap.com.eg/en/listing/4738488-for-sale-alexandria-fleming-naeel-mansour-st/
properties-fleming15.csv,EG-4806833,فرصه شقة 165 متر فاخره بفلمنج شارع احمد باشا ترك,"2,850,000 EGP",Fleming,3,2,165,10,Super Lux,Other,2021,Cash,Private Owner,,https://aqarmap.com.eg/en/listing/4806833-for-sale-alexandria-fleming-ahmed-basha-tork-st/
properties-fleming15.csv,EG-4936239,شقه للبيع في فلمنج ش عبد المنعم ماهر العقصه بعد مسجد زينب خطوات لشارع مصطفى كامل,"460,000 EGP",Fleming,2,1,65,3,Super Lux,Side Street,2012,Cash,Broker,,https://aqarmap.com.eg/en/listing/4936239-for-sale-alexandria-fleming-naeel-mansour-st/
properties-fleming15.csv,EG-4887722,للبيع شقة ١٥٠م دور كامل وينجت,"2,350,000 EGP",Fleming,3,2,150,3,Super Lux,Other,2021,Cash,Broker,,https://aqarmap.com.eg/en/listing/4887722-for-sale-alexandria-fleming-naeel-mansour-st/
properties-fleming15.csv,EG-4949912,شقه للبيع,"870,000 EGP",Fleming,2,1,85,7,Extra Super Lux,Main Street,2020,Cash,Broker,,https://aqarmap.com.eg/en/listing/4949912-for-sale-alexandria-fleming-ibn-el-waleed-st/
properties-fleming15.csv,EG-4897978,شقه فلمنج 140م فرصه للاستثمار متأجرة -,"1,850,000 EGP",Fleming,3,1,140,5,Super Lux,Side Street,2021,Cash,Broker,,https://aqarmap.com.eg/en/listing/4897978-for-sale-alexandria-fleming-naeel-mansour-st/
properties-fleming15.csv,EG-4873842,شقة للبيع ١١٥م ببرج براند بفلمنج مصطفى كامل راسا,"2,100,000 EGP",Fleming,2,1,115,11,Super Lux,Other,2017,Cash,Broker,,https://aqarmap.com.eg/en/listing/4873842-for-sale-alexandria-fleming-mostafa-kamel-st/
properties-fleming15.csv,EG-4777325,شقه ١٢٠ متر بارقي واهدي منطقه في فلمنج,"2,200,000 EGP",Fleming,3,1,120,5,Super Lux,Other,2021,Cash,Private Owner,,https://aqarmap.com.eg/en/listing/4777325-for-sale-alexandria-fleming/
properties-fleming15.csv,EG-4773783,شقة للبيع بفلمنج ١٥٠م خطوات من مصطفى كامل,"2,850,000 EGP",Fleming,3,2,150,10,Super Lux,Main Street,2014,Cash or Installments,Broker,,https://aqarmap.com.eg/en/listing/4773783-for-sale-mostafa-kamel-st/
properties-fleming15.csv,EG-4857454,شقة للبيع 120 م فلمنج (شارع أحمد باشا ترك),"1,200,000 EGP",Fleming,3,1,120,Ground,Super Lux,Other,2014,Cash,Broker,,https://aqarmap.com.eg/en/listing/4857454-for-sale-alexandria-fleming-ahmed-basha-tork-st/
properties-fleming15.csv,EG-4782745,شقه للبيع تشطيب سوبر لوكس,"2,250,000 EGP",Fleming,2,1,105,1,Super Lux,Main Street,2021,Cash or Installments,Broker,,https://aqarmap.com.eg/en/listing/4782745-for-sale-alexandria-fleming/
properties-fleming15.csv,EG-4796589,شقة للبيع الترا سوبر لوكس - فلمنج -برج فاخر موقع مميز150 متر,"2,850,000 EGP",Fleming,3,2,150,10,Extra Super Lux,Main Street,1983,Cash,Broker,,https://aqarmap.com.eg/en/listing/4796589-for-sale-alexandria-fleming/
properties-fleming15.csv,EG-4885689,شقة للبيع ١١٥م ببرج براند بفلمنج مصطفى كامل راسا,"2,100,000 EGP",Fleming,2,1,115,11,Extra Super Lux,Main Street,2017,Cash,Broker,,https://aqarmap.com.eg/en/listing/4885689-for-sale-alexandria-fleming/
properties-fleming15.csv,EG-4787069,شقة للبيع فلمنج - 105 متر -,"2,250,000 EGP",Fleming,2,1,105,3,Super Lux,Other,2015,Cash,Broker,,https://aqarmap.com.eg/en/listing/4787069-for-sale-alexandria-fleming-naeel-mansour-st/
properties-fleming15.csv,EG-4952477,شقه للبيع بالاسكندريه,"2,000,000 EGP",Fleming,3,2,120,5,Super Lux,Other,1970,Cash,Private Owner,,https://aqarmap.com.eg/en/listing/4952477-for-sale-alexandria-fleming/
properties-fleming15.csv,EG-4796577,شقة لقطة بفلمنج 150م تشطيب الترا لوكس خطوات من مصطفى كامل,"2,850,000 EGP",Fleming,3,2,150,10,Super Lux,Main Street,1985,Cash,Broker,,https://aqarmap.com.eg/en/listing/4796577-for-sale-alexandria-fleming-mostafa-kamel-st/
properties-fleming15.csv,EG-4782780,شقه للبيع فيو مفتوح.,"3,300,000 EGP",Fleming,3,1,165,7,Super Lux,Main Street,2003,Cash or Installments,Private Owner,,https://aqarmap.com.eg/en/listing/4782780-for-sale-alexandria-fleming/
properties-fleming15.csv,EG-4935291,"شقه للبيع فلمنج : "" عمارة الخالدي"" الشارع امام فتح الله فلمنج","160,000 EGP",Fleming,2,1,75,9,Super Lux,Side Street,2020,Cash,Broker,,https://aqarmap.com.eg/en/listing/4935291-for-sale-alexandria-fleming-naeel-mansour-st/
properties-fleming15.csv,EG-4836721,شقة تمليك للبيع فلمنج شارع القنواتي ٨٠ متر جاهزة علي السكن,"860,000 EGP",Fleming,2,1,80,8,Lux,Other,2009,Cash,Broker,,https://aqarmap.com.eg/en/listing/4836721-for-sale-alexandria-fleming-naeel-mansour-st/
properties-fleming15.csv,EG-4777345,شقة مميزة للبيع في فلمنج شارع احمد باشا ترك 120م,"1,600,000 EGP",Fleming,3,1,120,Ground,Super Lux,Other,2014,Cash,Private Owner,,https://aqarmap.com.eg/en/listing/4777345-for-sale-alexandria-fleming-ahmed-basha-tork-st/
properties-fleming15.csv,EG-4945406,شقة للبيع خطوات من (فتح الله) و مصطفي كامل . فلمنج,"950,000 EGP",Fleming,2,1,75,7,Super Lux,Main Street,2009,Cash,Broker,,https://aqarmap.com.eg/en/listing/4945406-for-sale-alexandria-fleming-mostafa-kamel-st/
properties-fleming16.csv,EG-5023330,شقه للبيع 95م في فلمنج,"995,000 EGP",Fleming,2,1,95,13,Super Lux,Other,2014,Cash,Broker,,https://aqarmap.com.eg/en/listing/5023330-for-sale-alexandria-fleming-abd-el-fattah-el-taweel-st/
properties-fleming16.csv,EG-4943432,شقه للبيع فلمنج,"650,000 EGP",Fleming,2,1,80,12,Super Lux,Other,2021,Cash,Broker,,https://aqarmap.com.eg/en/listing/4943432-for-sale-alexandria-fleming-abd-el-fattah-el-taweel-st/
properties-fleming16.csv,EG-4963655,شقة لقطة للبيع في فلمنج عمارة فتح الله,"1,900,000 EGP",Fleming,2,1,100,17,Super Lux,Other,2023,Cash,Broker,,https://aqarmap.com.eg/en/listing/4963655-for-sale-alexandria-fleming/
properties-fleming16.csv,EG-4930191,شقة للبيع في السرايا 3 نمرة من البحر ترى البحر كاملا,"4,000,000 EGP",Fleming,3,1,135,9,Extra Super Lux,Other,2013,Cash,Private Owner,,https://aqarmap.com.eg/en/listing/4930191-for-sale-alexandria-fleming/
properties-fleming16.csv,EG-4999073,شقه للبيع بالاسكندريه فلمنج ش احمد باشا ترك,"1,700,000 EGP",Fleming,3,2,140,1,Super Lux,Other,2020,Cash,Private Owner,,https://aqarmap.com.eg/en/listing/4999073-for-sale-alexandria-fleming-ahmed-basha-tork-st/
properties-fleming16.csv,EG-5014888,شقه للبيع,"2,200,000 EGP",Fleming,3,2,175,3,Super Lux,Other,2000,Cash,Private Owner,,https://aqarmap.com.eg/en/listing/5014888-for-sale-alexandria-fleming/
properties-fleming16.csv,EG-5023799,شقة تمليك للبيع55 متر,"250,000 EGP",Fleming,2,1,55,1,Super Lux,Main Street,2000,Cash,Broker,,https://aqarmap.com.eg/en/listing/5023799-for-sale-alexandria-fleming-naeel-mansour-st/
properties-fleming16.csv,EG-4976891,شقة للبيع ١٤٠ متر فليمنج شارع احمد باشا ترك,"1,950,000 EGP",Fleming,4,2,140,6,Super Lux,Main Street,2010,Cash,Private Owner,,https://aqarmap.com.eg/en/listing/4976891-for-sale-alexandria-fleming-ahmed-basha-tork-st/
properties-fleming16.csv,EG-5041799,شقه للبيع,"3,200,000 EGP",Fleming,3,2,210,3,Super Lux,Other,2024,Cash,Broker,,https://aqarmap.com.eg/en/listing/5041799-for-sale-alexandria-fleming/
properties-fleming16.csv,EG-4749811,شقة للبيع فلمنج اعلي مستشفي الفتح علي الترام مساحة ١٣٠ متر,"2,250,000 EGP",Fleming,2,1,130,1,Super Lux,Other,2021,Cash,Broker,,https://aqarmap.com.eg/en/listing/4749811-for-sale-alexandria-fleming-naeel-mansour-st/
properties-fleming16.csv,EG-4747951,شقة للبيع في فلمنج,"2,200,000 EGP",Fleming,3,1,110,12,Lux,Other,1995,Cash,Broker,,https://aqarmap.com.eg/en/listing/4747951-for-sale-alexandria-fleming/
properties-fleming16.csv,EG-4791651,شقه للبيع في الاسكندريه فلمنج,"530,000 EGP",Fleming,3,1,80,3,Super Lux,Main Street,2023,Cash,Broker,,https://aqarmap.com.eg/en/listing/4791651-for-sale-alexandria-fleming/
properties-fleming16.csv,EG-4927377,فرصة_للبيع_شقة_تمليك ٩٥ م بفلمنج شارع كلية تربية رياضية عبد الفتاح الطويل,"995,000 EGP",Fleming,2,1,95,13,Extra Super Lux,Main Street,2014,Cash,Broker,,https://aqarmap.com.eg/en/listing/4927377-for-sale-alexandria-fleming-naeel-mansour-st/
properties-fleming16.csv,EG-5003573,شقه للبيع 95 م,"995,000 EGP",Fleming,2,1,95,13,Super Lux,Other,2014,Cash,Broker,,https://aqarmap.com.eg/en/listing/5003573-for-sale-alexandria-fleming-abd-el-fattah-el-taweel-st/
properties-fleming16.csv,EG-4903836,شقه للبيع مصطفى كامل كليه تربيه البنات,"650,000 EGP",Fleming,2,2,80,12,Super Lux,Main Street,2021,Cash,Broker,,https://aqarmap.com.eg/en/listing/4903836-for-sale-alexandria-fleming-abd-el-fattah-el-taweel-st/
properties-fleming16.csv,EG-4978970,شقة للبيع 175م فلمنج - ش مصطفى كامل الرئيسى,"4,000,000 EGP",Fleming,3,2,175,10,Super Lux,Other,2015,Cash,Private Owner,,https://aqarmap.com.eg/en/listing/4978970-for-sale-alexandria-fleming-mostafa-kamel-st/
properties-fleming16.csv,EG-5041717,شقه للبيع,"3,000,000 EGP",Fleming,3,1,160,1,Super Lux,Other,2024,Cash,Broker,,https://aqarmap.com.eg/en/listing/5041717-for-sale-alexandria-fleming/
properties-fleming16.csv,EG-4787252,شقه للبيع سوبر لوكس من المالك مباشرة,"170,000 EGP",Fleming,3,1,75,9,Super Lux,Other,2021,Cash,Broker,,https://aqarmap.com.eg/en/listing/4787252-for-sale-alexandria-fleming-al-khaledi-st/
properties-fleming16.csv,EG-4689788,شقة فى فلمنج غرفتين وصاله 75م,"700,000 EGP",Fleming,2,1,75,8,Lux,Other,2012,Cash,Private Owner,,https://aqarmap.com.eg/en/listing/4689788-for-sale-alexandria-fleming/
properties-fleming16.csv,EG-4792147,شقه للبيع في فلمنج,"490,000 EGP",Fleming,2,1,95,7,Super Lux,Main Street,2023,Cash,Private Owner,,https://aqarmap.com.eg/en/listing/4792147-for-sale-alexandria-fleming-mostafa-kamel-st/
properties-fleming17.csv,EG-4888695,شقة للبيع في السرايا 3 نمرة من البحر ترى البحر كاملا,"4,000,000 EGP",Fleming,3,1,135,9,Super Lux,Other,2013,Cash,Private Owner,,https://aqarmap.com.eg/en/listing/4888695-for-sale-alexandria-fleming/
properties-fleming17.csv,EG-4856986,شقة للبيع فلمنج 155م,"3,000,000 EGP",Fleming,3,1,155,17,Super Lux,Other,2010,Cash,Private Owner,,https://aqarmap.com.eg/en/listing/4856986-for-sale-alexandria-fleming/
properties-fleming17.csv,EG-4816127,شقه للبيع,"650,000 EGP",Fleming,2,1,90,13,Super Lux,Other,2020,Cash,Broker,,https://aqarmap.com.eg/en/listing/4816127-for-sale-alexandria-fleming-abd-el-fattah-el-taweel-st/
properties-fleming17.csv,EG-4879936,فلمنج شارع مصطفى كامل رئيسى شقة ١٦٠متر برج رقى,"1,500,000 EGP",Fleming,3,1,160,14,Super Lux,Other,2021,Cash,Broker,,https://aqarmap.com.eg/en/listing/4879936-for-sale-alexandria-fleming-mostafa-fahmy-st/
properties-fleming17.csv,EG-4888630,شقه للبيع فى فلمنج ش احمد ترك 130متر متفرعه من شارع مصطفى,"2,200,000 EGP",Fleming,3,2,130,17,Super Lux,Other,2015,Cash,Broker,,https://aqarmap.com.eg/en/listing/4888630-for-sale-alexandria-fleming-ahmed-basha-tork-st/
properties-fleming17.csv,EG-4843906,شقه للبيع 120 م,"1,000,000 EGP",Fleming,2,1,120,10,Extra Super Lux,Other,2021,Cash,Broker,,https://aqarmap.com.eg/en/listing/4843906-for-sale-alexandria-fleming/
properties-fleming17.csv,EG-5043305,شقه للبيع١٤٠ متر صافي ريسبشن كبير قطعتين ٣ غرف ٢ حمام مظبخ يسع جميع الأجهزة,"2,400,000 EGP",Fleming,3,2,140,4,Super Lux,Side Street,2013,Cash,Broker,,https://aqarmap.com.eg/en/listing/5043305-for-sale-alexandria-fleming-el-fath-st/
properties-fleming17.csv,EG-4794404,شقه للبيع سوبر لوكس كاملة العدادات,"530,000 EGP",Fleming,3,1,80,3,Super Lux,Other,2021,Cash,Broker,,https://aqarmap.com.eg/en/listing/4794404-for-sale-alexandria-fleming-naeel-mansour-st/
properties-fleming17.csv,EG-4759071,شقة ٨٠ متر بفلمنج الترام الدور الارضي مباني تمانينات رخصه و عدادات كاملة,"600,000 EGP",Fleming,3,1,80,Ground,Super Lux,Other,1989,Cash,Private Owner,,https://aqarmap.com.eg/en/listing/4759071-for-sale-alexandria-fleming/
properties-fleming17.csv,EG-5030149,شقة للبيع بالاسكندرية فلمنج 70 متر,"185,000 EGP",Fleming,2,1,70,4,Lux,Other,2020,Cash,Broker,,https://aqarmap.com.eg/en/listing/5030149-for-sale-alexandria-fleming/
properties-fleming17.csv,EG-4862528,فرصة ذهبية .. شقة تمليك ٩٧ م بفلمنج مكان راقى وهادئ وجيد ضمانات كاملة,"965,000 EGP",Fleming,2,1,97,8,Super Lux,Other,2009,Cash,Broker,,https://aqarmap.com.eg/en/listing/4862528-for-sale-alexandria-fleming-naeel-mansour-st/
properties-fleming17.csv,EG-5080428,شقة للبيع,"850,000 EGP",Fleming,3,1,90,2,Super Lux,Other,2012,Cash,Broker,,https://aqarmap.com.eg/en/listing/5080428-for-sale-alexandria-fleming-abd-el-fattah-el-taweel-st/
properties-fleming17.csv,EG-4816084,شقة للبيع في بفلمنج,"650,000 EGP",Fleming,2,1,90,13,Super Lux,Other,2002,Cash,Broker,,https://aqarmap.com.eg/en/listing/4816084-for-sale-alexandria-fleming-abd-el-fattah-el-taweel-st/
properties-fleming17.csv,EG-4832199,شقه للبيع فلمنج,"160,000 EGP",Fleming,2,1,75,9,Lux,Main Street,2020,Cash,Broker,,https://aqarmap.com.eg/en/listing/4832199-for-sale-alexandria-fleming/
properties-fleming17.csv,EG-5065878,شقه للبيع140 متر صافي,"2,400,000 EGP",Fleming,3,2,140,3,Super Lux,Corner,2009,Cash,Private Owner,,https://aqarmap.com.eg/en/listing/5065878-for-sale-alexandria-fleming/
properties-fleming17.csv,EG-4843920,شقه للبيع 97 م,"965,000 EGP",Fleming,2,1,97,8,Super Lux,Other,2009,Cash,Broker,,https://aqarmap.com.eg/en/listing/4843920-for-sale-alexandria-fleming/
properties-fleming17.csv,EG-4745866,شقة للبيع 90م صافي فلمنج,"1,300,000 EGP",Fleming,3,1,90,10,Super Lux,Other,2005,Cash,Broker,,https://aqarmap.com.eg/en/listing/4745866-for-sale-alexandria-fleming/
properties-fleming17.csv,EG-4888671,شقة للبيع 80 متر الاسكندرية - فلمنج,"700,000 EGP",Fleming,2,1,80,2,Super Lux,Other,2015,Cash,Broker,,https://aqarmap.com.eg/en/listing/4888671-for-sale-alexandria-fleming/
properties-fleming17.csv,EG-4788632,شقة للبيع بفلمنج شارع أحمد باشا ترك 120 متر,"1,400,000 EGP",Fleming,3,1,120,1,Super Lux,Side Street,2000,Cash,Private Owner,,https://aqarmap.com.eg/en/listing/4788632-for-sale-alexandria-fleming-ahmed-basha-tork-st/
properties-fleming17.csv,EG-4751570,شقة للبيع فلمنج شارع عبدالفتاح الطويل 135م,"2,400,000 EGP",Fleming,3,2,135,10,Super Lux,Main Street,2018,Cash or Installments,Broker,,https://aqarmap.com.eg/en/listing/4751570-for-sale-alexandria-fleming-abd-el-fattah-el-taweel-st/
properties-fleming18.csv,EG-5041690,شقه للبيع,"265,000 EGP",Fleming,3,2,155,5,Super Lux,Other,2024,Cash,Private Owner,,https://aqarmap.com.eg/en/listing/5041690-for-sale-alexandria-fleming/
properties-fleming18.csv,EG-4978229,شقه للبيع كامله العدادات,"685,000 EGP",Fleming,3,1,140,4,Super Lux,Main Street,1999,Cash,Broker,,https://aqarmap.com.eg/en/listing/4978229-for-sale-alexandria-fleming/
properties-fleming18.csv,EG-4807970,شقة سوبر لوكس على المفتاح شقة عريس لا تحتاج اى مصاريف ٨٠ متر ٣ غرف وصالة كاملة,"530,000 EGP",Fleming,3,1,80,3,Super Lux,Main Street,2019,Cash,Broker,,https://aqarmap.com.eg/en/listing/4807970-for-sale-alexandria-fleming/
properties-fleming18.csv,EG-4813489,شقه١٥٠ متر للبيع شارع مصطفي كامل,"3,400,000 EGP",Fleming,3,2,150,10,Super Lux,Main Street,2020,Cash,Broker,,https://aqarmap.com.eg/en/listing/4813489-for-sale-alexandria-fleming-mostafa-kamel-st/
properties-fleming18.csv,EG-5015570,شقه للبيع,"2,300,000 EGP",Fleming,3,2,160,3,Super Lux,Other,2024,Cash,Broker,,https://aqarmap.com.eg/en/listing/5015570-for-sale-alexandria-fleming/
properties-fleming18.csv,EG-4867809,الشقه بمكان راقي و هادي جداا بجانب نوتردام دى سيون,"1,750,000 EGP",Fleming,3,1,120,5,Super Lux,Other,1980,Cash,Private Owner,,https://aqarmap.com.eg/en/listing/4867809-for-sale-alexandria-fleming/
properties-fleming18.csv,EG-4950342,شقة تمليك للبيع,"250,000 EGP",Fleming,2,1,55,1,Super Lux,Other,2015,Cash,Broker,,https://aqarmap.com.eg/en/listing/4950342-for-sale-alexandria-fleming/
properties-fleming18.csv,EG-5105205,شقه للبيع,"750,000 EGP",Fleming,3,1,100,13,Super Lux,Other,2017,Cash,Broker,,https://aqarmap.com.eg/en/listing/5105205-for-sale-alexandria-fleming/
properties-fleming18.csv,EG-4830768,شقه للبيع في فلمنج,"250,000 EGP",Fleming,2,1,70,8,Super Lux,Main Street,2023,Cash,Private Owner,,https://aqarmap.com.eg/en/listing/4830768-for-sale-alexandria-fleming-ibn-el-waleed-st/
properties-fleming18.csv,EG-4845719,شقه لقطه ٦٠ متر للعرايس المقبلين علي الزواج متشطبه غرفتين وصاله وسعرها معقول بال,"370,000 EGP",Fleming,2,1,60,6,Super Lux,Other,2020,Cash,Private Owner,,https://aqarmap.com.eg/en/listing/4845719-for-sale-alexandria-fleming-la-vison-st/
properties-fleming18.csv,EG-4818146,شقة للبيع في فلمنج,"650,000 EGP",Fleming,2,1,90,13,Super Lux,Other,1999,Cash,Broker,,https://aqarmap.com.eg/en/listing/4818146-for-sale-alexandria-fleming-abd-el-fattah-el-taweel-st/
properties-fleming18.csv,EG-5023316,شقه للبيع 157م,"1,885,000 EGP",Fleming,3,2,157,3,Extra Super Lux,Other,2021,Cash,Broker,,https://aqarmap.com.eg/en/listing/5023316-for-sale-alexandria-fleming-abd-el-fattah-el-taweel-st/
properties-fleming18.csv,EG-4873156,شقة للبيع بالاسكندرية فلمنج 140 متر,"3,000,000 EGP",Fleming,3,2,140,3,Extra Super Lux,Other,2020,Cash,Private Owner,,https://aqarmap.com.eg/en/listing/4873156-for-sale-alexandria-fleming-mostafa-kamel-st/
properties-fleming18.csv,EG-4747486,شقه للبيع كامله العدادات,"1,500,000 EGP",Fleming,3,1,125,5,Super Lux,Main Street,2021,Cash or Installments,Broker,,https://aqarmap.com.eg/en/listing/4747486-for-sale-alexandria-fleming-abd-el-fattah-el-taweel-st/
properties-fleming18.csv,EG-4843936,شقه للبيع 90 م فلمنج,"650,000 EGP",Fleming,2,1,90,13,Super Lux,Other,2021,Cash,Broker,,https://aqarmap.com.eg/en/listing/4843936-for-sale-alexandria-fleming-abd-el-fattah-el-taweel-st/
properties-fleming18.csv,EG-4759066,شقة ٨٠ متر بفلمنج الترام الدور ٤ مباني تمانينات رخصه و عدادات كاملة,"700,000 EGP",Fleming,3,1,80,4,Super Lux,Other,1989,Cash,Private Owner,,https://aqarmap.com.eg/en/listing/4759066-for-sale-alexandria-fleming/
properties-fleming18.csv,EG-4932041,شقه للبيع فى فلمنج,"500,000 EGP",Fleming,3,1,80,3,Super Lux,Main Street,2021,Cash,Broker,,https://aqarmap.com.eg/en/listing/4932041-for-sale-alexandria-fleming/
properties-fleming18.csv,EG-4821176,للبيع بفلمنج اخر شارع عبد الفتاح الطويل بجوار صيدلية الاء ٩٠ متر,"650,000 EGP",Fleming,2,1,90,13,Super Lux,Other,2021,Cash,Broker,,https://aqarmap.com.eg/en/listing/4821176-for-sale-alexandria-fleming-abd-el-fattah-el-taweel-st/
properties-fleming18.csv,EG-4886788,شقة للبيع بفلمنج مصطفي كامل مباشرة للعروسين,"2,050,000 EGP",Fleming,3,2,180,2,Extra Super Lux,Other,2021,Cash,Private Owner,,https://aqarmap.com.eg/en/listing/4886788-for-sale-alexandria-fleming-naeel-mansour-st/
properties-fleming18.csv,EG-4759793,شقه ١٧٠ متر للبيع فلمنج,"3,000,000 EGP",Fleming,3,2,170,12,Super Lux,Main Street,2004,Cash,Broker,,https://aqarmap.com.eg/en/listing/4759793-for-sale-alexandria-fleming/
properties-fleming19.csv,EG-4946863,شقه للبيع فلمنج خلف المبرة,"500,000 EGP",Fleming,3,1,80,3,Super Lux,Side Street,2020,Cash,Broker,,https://aqarmap.com.eg/en/listing/4946863-for-sale-alexandria-fleming/
properties-fleming19.csv,EG-4908203,متاح شقه للبيع الدور ٣لا تحتاج اي مصاريف ٣ عددات كامله ٣اوضه وصاله ٨٠متر سلم,"490,000 EGP",Fleming,3,1,120,3,Super Lux,Other,2021,Cash,Broker,,https://aqarmap.com.eg/en/listing/4908203-for-sale-alexandria-fleming-naeel-mansour-st/
properties-fleming19.csv,EG-4802415,شقة سوبر لوكس على المفتاح شقة عريس لا تحتاج اى مصاريف ٨٠ متر,"490,000 EGP",Fleming,3,1,80,3,Super Lux,Main Street,2021,Cash,Broker,,https://aqarmap.com.eg/en/listing/4802415-for-sale-alexandria-fleming/
properties-fleming19.csv,EG-4831494,شقة للبيع بفليمنج اخر شارع احمد باشا ترك,"390,000 EGP",Fleming,2,1,75,2,Super Lux,Side Street,1996,Cash,Private Owner,,https://aqarmap.com.eg/en/listing/4831494-for-sale-alexandria-fleming-ahmed-basha-tork-st/
properties-fleming2.csv,EG-4979897,Apartments For sale in Mostafa Kamel St.,"1,900,000 EGP",Fleming,3,2,140,6,Super Lux,Side Street,2010,Cash,Broker,New Home - نيو هوم,https://aqarmap.com.eg/en/listing/4979897-for-sale-alexandria-fleming-mostafa-kamel-st/
properties-fleming2.csv,EG-4899633,فيلا للبيع 1400 م-الوزارة-خطوات من الترام,"38,000,000 EGP",Fleming,2,1,1400,1,Semi Finished,Side Street,1900,Cash,Broker,New Home - نيو هوم,https://aqarmap.com.eg/en/listing/4899633-for-sale-alexandria-fleming/
properties-fleming2.csv,EG-4947352,Apartment for sale 140 m Bolkley (La Vison st),"2,300,000 EGP",Fleming,3,1,140,9,Super Lux,Other,2014,Cash,Broker,Avalon RE,https://aqarmap.com.eg/en/listing/4947352-for-sale-alexandria-fleming-la-vison-st/
properties-fleming2.csv,EG-4951453,Apartment for sale - Winget- area of 175 full meters,"2,100,000 EGP",Fleming,3,2,175,13,Super Lux,Other,1999,Cash,Broker,REMAX TOP AGENTS,https://aqarmap.com.eg/en/listing/4951453-for-sale-alexandria-fleming-naeel-mansour-st/
properties-fleming2.csv,EG-5152447,Unit for sale – in Mostafa Kamel St - flaming 100m.,"1,750,000 EGP",Fleming,2,1,100,17,Super Lux,Main Street,2013,Cash,Broker,investa realestat,https://aqarmap.com.eg/en/listing/5152447-for-sale-alexandria-fleming-mostafa-kamel-st/
properties-fleming2.csv,EG-5192727,,"3,300,000 EGP",Fleming,3,1,100,2,Lux,Side Street,1985,Cash,Private Owner,,https://aqarmap.com.eg/en/listing/5192727-for-sale-alexandria-fleming-mostafa-kamel-st/
properties-fleming2.csv,EG-5168936,شقه للبيع 110م صافي غير مجروحه ( شارع لافيزون ) خطوات من مصطفي كامل,"2,100,000 EGP",Fleming,3,1,110,10,Super Lux,Main Street,2014,Cash,Private Owner,Mahmoud Mohmamed,https://aqarmap.com.eg/en/listing/5168936-for-sale-alexandria-fleming-la-vison-st/
properties-fleming2.csv,EG-4950536,Apartment for sale 125 M-Fleming,"3,000,000 EGP",Fleming,3,1,125,2,Super Lux,Main Street,2012,Cash,Broker,New Home,https://aqarmap.com.eg/en/listing/4950536-for-sale-alexandria-fleming-abd-el-fattah-el-taweel-st/
properties-fleming2.csv,EG-5179897,Apartments For sale in Mostafa Kamel St.,"1,500,000 EGP",Fleming,3,1,60,3,Lux,Main Street,2000,Cash,Private Owner,Maria Michel,https://aqarmap.com.eg/en/listing/5179897-for-sale-alexandria-fleming-mostafa-kamel-st/
properties-fleming2.csv,EG-5065150,Apartment for sale - Fleming - area of 100 full meters,"1,550,000 EGP",Fleming,3,1,100,8,Super Lux,Other,2012,Cash,Broker,REMAX TOP AGENTS,https://aqarmap.com.eg/en/listing/5065150-for-sale-alexandria-fleming-mostafa-kamel-st/
properties-fleming2.csv,EG-4837909,Apartments For sale in Mostafa Fahmy St,"3,600,000 EGP",Fleming,3,2,210,3,Super Lux,Other,1919,Cash,Broker,New Home - نيو هوم,https://aqarmap.com.eg/en/listing/4837909-for-sale-alexandria-fleming-mostafa-fahmy-st/
properties-fleming2.csv,EG-4996309,Apartments For sale in Mostafa Kamel St.,"1,600,000 EGP",Fleming,2,1,115,4,Super Lux,Other,2000,Cash,Broker,Avalon Resale,https://aqarmap.com.eg/en/listing/4996309-for-sale-alexandria-fleming-mostafa-kamel-st/
properties-fleming2.csv,EG-4876335,Apartment for sale 400 m Fleming (Al-Fath St. - directly on the tram),"4,500,000 EGP",Fleming,3,3,400,13,Super Lux,Main Street,2001,Cash,Broker,Avalon Resale,https://aqarmap.com.eg/en/listing/4876335-for-sale-alexandria-fleming-el-fath-st/
properties-fleming2.csv,EG-5179910,Apartments For sale in Mostafa Kamel St.,"1,500,000 EGP",Fleming,3,1,60,3,Lux,Main Street,2005,Cash,Private Owner,Maria Michel,https://aqarmap.com.eg/en/listing/5179910-for-sale-alexandria-fleming-mostafa-kamel-st/
properties-fleming2.csv,EG-4921021,Apartments For sale in Mostafa Kamel St.,"1,850,000 EGP",Fleming,3,2,140,6,Super Lux,Main Street,2010,Cash,Broker,New Home - نيو هوم,https://aqarmap.com.eg/en/listing/4921021-for-sale-alexandria-fleming-mostafa-kamel-st/
properties-fleming2.csv,EG-4918923,Apartment for sale 300 M Bolkley (Lavizon Street),"3,150,000 EGP",Fleming,4,2,300,10,Super Lux,Side Street,1995,Cash,Broker,Coldwell Banker Platinum,https://aqarmap.com.eg/en/listing/4918923-for-sale-alexandria-fleming-fouad-ibrahim-st/
properties-fleming2.csv,EG-4807543,Apartments For sale in Ahmed Basha Tork St,"2,200,000 EGP",Fleming,2,1,123,16,Super Lux,Main Street,2010,Cash,Broker,شركة التميز للتسويق والاستثمار العقاري,https://aqarmap.com.eg/en/listing/4807543-for-sale-alexandria-fleming-ahmed-basha-tork-st/
properties-fleming2.csv,EG-5026329,Apartment for sale 120 m Fleming (branched from Moustafa Kamel st.),"2,000,000 EGP",Fleming,3,1,120,1,Super Lux,Other,2000,Cash,Broker,Avalon Resale,https://aqarmap.com.eg/en/listing/5026329-for-sale-alexandria-fleming-gomeai-st/
properties-fleming2.csv,EG-5098299,Apartment for sale 160 m Fleming (Abdelfatah Al taweel st.),"3,000,000 EGP",Fleming,3,1,160,1,Super Lux,Other,2015,Cash,Broker,Avalon Resale,https://aqarmap.com.eg/en/listing/5098299-for-sale-alexandria-fleming-abd-el-fattah-el-taweel-st/
properties-fleming2.csv,EG-4989420,شقة للبيع -فليمنج-علي الترام مباشرة,"3,250,000 EGP",Fleming,3,2,210,3,Super Lux,Main Street,1988,Cash,Broker,New Home,https://aqarmap.com.eg/en/listing/4989420-for-sale-alexandria-fleming/
properties-fleming3.csv,EG-5194224,شقة 140 متر للبيع في فلمنج,"1,000,000 EGP",Fleming,3,1,140,2,Super Lux,Main Street,2020,Cash,Broker,,https://aqarmap.com.eg/en/listing/5194224-for-sale-alexandria-fleming-ahmed-basha-tork-st/
properties-fleming3.csv,EG-5041681,شقه للبيع,"2,750,000 EGP",Fleming,3,1,135,9,Super Lux,Other,2024,Cash,Broker,,https://aqarmap.com.eg/en/listing/5041681-for-sale-alexandria-fleming/
properties-fleming3.csv,EG-5193026,شقة للبيع - فلمنج (شارع طمازين),"2,500,000 EGP",Fleming,3,1,150,1,Super Lux,Main Street,2008,Cash,Broker,,https://aqarmap.com.eg/en/listing/5193026-for-sale-alexandria-fleming-naeel-mansour-st/
properties-fleming3.csv,EG-5190049,? شقة للبيع - جانبي الترام بين فلمنج وباكوس,"2,350,000 EGP",Fleming,2,1,170,9,Extra Super Lux,Other,2002,Cash,Broker,,https://aqarmap.com.eg/en/listing/5190049-for-sale-alexandria-fleming/
properties-fleming3.csv,EG-5190016,شقة للبيع في فلمنج,"450,000 EGP",Fleming,2,1,60,7,Lux,Other,2007,Cash,Broker,,https://aqarmap.com.eg/en/listing/5190016-for-sale-alexandria-fleming/
properties-fleming3.csv,EG-4796619,شقه للبيع في فلمنج ( عمارة براند) 105 متر,"2,250,000 EGP",Fleming,2,1,105,16,Super Lux,Main Street,2015,Cash,Broker,,https://aqarmap.com.eg/en/listing/4796619-for-sale-alexandria-fleming/
properties-fleming3.csv,EG-5193070,شقة للبيع في فلمنج,"1,800,000 EGP",Fleming,2,1,105,11,Super Lux,Main Street,2009,Cash,Private Owner,,https://aqarmap.com.eg/en/listing/5193070-for-sale-alexandria-fleming-mostafa-kamel-st/
properties-fleming3.csv,EG-5015594,شقه للبيع,"4,600,000 EGP",Fleming,4,2,180,2,Super Lux,Other,1995,Cash,Broker,,https://aqarmap.com.eg/en/listing/5015594-for-sale-alexandria-fleming/
properties-fleming3.csv,EG-4802456,Apartments For sale in Ahmed Basha Tork St,"2,700,000 EGP",Fleming,3,2,165,10,Super Lux,Main Street,2014,Cash,Private Owner,omar,https://aqarmap.com.eg/en/listing/4802456-for-sale-alexandria-fleming-ahmed-basha-tork-st/
properties-fleming3.csv,EG-4855698,An opportunity to invest with a monthly return Apartment for sale 140 M- Fleming -Turnout from Mostafa Kamel Street,"1,900,000 EGP",Fleming,3,2,140,6,Super Lux,Side Street,2010,Cash,Broker,New Home - نيو هوم,https://aqarmap.com.eg/en/listing/4855698-for-sale-alexandria-fleming-mostafa-kamel-st/
properties-fleming3.csv,EG-5193475,شقة مميزة للبيع في فلمنج,"3,100,000 EGP",Fleming,4,2,160,1,Super Lux,Other,2020,Cash,Private Owner,,https://aqarmap.com.eg/en/listing/5193475-for-sale-alexandria-fleming/
properties-fleming3.csv,EG-5164129,شقة فاخرة للبيع في فلمنج بمساحة 185م,"3,500,000 EGP",Fleming,3,3,185,2,Super Lux,Other,2015,Cash,Broker,,https://aqarmap.com.eg/en/listing/5164129-for-sale-alexandria-fleming/
properties-fleming3.csv,EG-4811665,Apartments For sale in Abd El-Fattah El-Taweel St,"4,300,000 EGP",Fleming,3,2,175,16,Super Lux,Garden,2015,Cash,Private Owner,amdtwk77,https://aqarmap.com.eg/en/listing/4811665-for-sale-alexandria-fleming-abd-el-fattah-el-taweel-st/
properties-fleming3.csv,EG-4861321,شقه للبيع فى فلمنج ش احمد ترك 130متر متفرعه من شارع مصطفى كامل,"2,250,000 EGP",Fleming,3,2,130,17,Extra Super Lux,Other,2014,Cash,Broker,,https://aqarmap.com.eg/en/listing/4861321-for-sale-alexandria-fleming-ahmed-basha-tork-st/
properties-fleming3.csv,EG-5078880,شقة للبيع 173 م فلمنج (على الترام),"3,200,000 EGP",Fleming,3,2,173,1,Lux,Other,2015,Cash,Broker,,https://aqarmap.com.eg/en/listing/5078880-for-sale-alexandria-fleming/
properties-fleming3.csv,EG-4811080,Apartments For sale in Abd El-Fattah El-Taweel St,"4,300,000 EGP",Fleming,3,2,175,16,Super Lux,Garden,2015,Cash,Private Owner,amdtwk77,https://aqarmap.com.eg/en/listing/4811080-for-sale-alexandria-fleming-abd-el-fattah-el-taweel-st/
properties-fleming3.csv,EG-5193048,شقة للبيع بمساحة 190 متر في شارع مرتضى,"3,650,000 EGP",Fleming,3,2,190,1,Super Lux,Main Street,2009,Cash,Private Owner,,https://aqarmap.com.eg/en/listing/5193048-for-sale-alexandria-fleming-al-samrkandi-st/
properties-fleming3.csv,EG-5015553,شقه للبيع,"3,500,000 EGP",Fleming,3,2,300,1,Super Lux,Other,2024,Cash,Broker,,https://aqarmap.com.eg/en/listing/5015553-for-sale-alexandria-fleming/
properties-fleming3.csv,EG-4929477,شقة للبيع في وينجت - 240م - بالقرب من مستشفى وينجت الملكى,"3,600,000 EGP",Fleming,4,2,240,2,Super Lux,Other,2011,Cash,Broker,,https://aqarmap.com.eg/en/listing/4929477-for-sale-alexandria-fleming/
properties-fleming3.csv,EG-4910271,Apartments For sale in Mostafa Fahmy St,"1,900,000 EGP",Fleming,2,1,135,5,Super Lux,Side Street,2006,Cash,Broker,Benaya,https://aqarmap.com.eg/en/listing/4910271-for-sale-alexandria-fleming-mostafa-fahmy-st/
properties-fleming4.csv,EG-5184799,تفاصيل الشقة المعروضة للبيع,"2,100,000 EGP",Fleming,3,1,110,10,Super Lux,Main Street,2014,Cash,Broker,,https://aqarmap.com.eg/en/listing/5184799-for-sale-alexandria-fleming-la-vison-st/
properties-fleming4.csv,EG-4856995,شقه للبيع في فلمنج 123 متر,"2,200,000 EGP",Fleming,2,1,123,16,Super Lux,Other,2010,Cash,Broker,,https://aqarmap.com.eg/en/listing/4856995-for-sale-alexandria-fleming/
properties-fleming4.csv,EG-5172291,شقة للبيع في فلمنج,"2,000,000 EGP",Fleming,3,1,150,16,Super Lux,Other,2000,Cash,Broker,,https://aqarmap.com.eg/en/listing/5172291-for-sale-alexandria-fleming/
properties-fleming4.csv,EG-5187703,شقه للبيع بفلمنج,"2,100,000 EGP",Fleming,3,1,140,16,Super Lux,Other,2021,Cash,Broker,,https://aqarmap.com.eg/en/listing/5187703-for-sale-alexandria-fleming-mostafa-kamel-st/
properties-fleming4.csv,EG-5173245,شقة متميزة للبيع في محطة الوزارة,"3,800,000 EGP",Fleming,2,1,150,10,Super Lux,Other,2000,Cash,Broker,,https://aqarmap.com.eg/en/listing/5173245-for-sale-alexandria-fleming-el-fath-st/
properties-fleming4.csv,EG-5176920,شقة للبيع في فليمنج,"2,500,000 EGP",Fleming,2,1,160,9,Extra Super Lux,Other,2020,Cash,Broker,,https://aqarmap.com.eg/en/listing/5176920-for-sale-alexandria-fleming/
properties-fleming4.csv,EG-5195398,شقة للبيع في فلمنج - 125 متر,"3,000,000 EGP",Fleming,3,2,125,1,Super Lux,Other,2012,Cash,Broker,,https://aqarmap.com.eg/en/listing/5195398-for-sale-alexandria-fleming/
properties-fleming4.csv,EG-5173777,شقة للبيع بمساحة 85 متر، مكونة من 3 غرف نوم وصالة ومطبخ وحمام.,"850,000 EGP",Fleming,3,1,85,7,Lux,Main Street,2020,Cash,Private Owner,,https://aqarmap.com.eg/en/listing/5173777-for-sale-alexandria-fleming/
properties-fleming4.csv,EG-5187720,شقة للبيع في فلمنج بجوار مستشفى مبرة فلمنج!,"1,500,000 EGP",Fleming,3,1,120,6,Super Lux,Other,2022,Cash,Broker,,https://aqarmap.com.eg/en/listing/5187720-for-sale-alexandria-fleming/
properties-fleming4.csv,EG-5176150,شقة جديدة للبيع في الدور الرابع,"1,800,000 EGP",Fleming,2,1,110,4,Super Lux,Other,2020,Cash,Private Owner,,https://aqarmap.com.eg/en/listing/5176150-for-sale-alexandria-fleming/
properties-fleming4.csv,EG-5187628,شقه للبيع بفلمنج,"1,200,000 EGP",Fleming,3,1,120,11,Super Lux,Other,2006,Cash,Broker,,https://aqarmap.com.eg/en/listing/5187628-for-sale-alexandria-fleming/
properties-fleming4.csv,EG-5185119,شقة للبيع بشارع لافيزون,"1,400,000 EGP",Fleming,3,1,130,Ground,Super Lux,Main Street,2020,Cash,Private Owner,,https://aqarmap.com.eg/en/listing/5185119-for-sale-alexandria-fleming-la-vison-st/
properties-fleming4.csv,EG-5184408,شقة للبيع في فليمنج الوزارة,"5,000,000 EGP",Fleming,3,3,185,11,Super Lux,Other,2020,Cash,Private Owner,,https://aqarmap.com.eg/en/listing/5184408-for-sale-alexandria-fleming/
properties-fleming4.csv,EG-5187017,شقة للبيع في فلمنج - فرصة لا تعوض,"4,500,000 EGP",Fleming,4,2,170,3,Super Lux,Main Street,2000,Cash,Private Owner,,https://aqarmap.com.eg/en/listing/5187017-for-sale-alexandria-fleming/
properties-fleming4.csv,EG-5174515,شقة للبيع - فلمنج,"2,100,000 EGP",Fleming,3,1,140,16,Super Lux,Main Street,2021,Cash,Broker,,https://aqarmap.com.eg/en/listing/5174515-for-sale-alexandria-fleming-mostafa-kamel-st/
properties-fleming4.csv,EG-5170574,شقة الترا سوبر لوكس للبيع في فلمنج,"2,350,000 EGP",Fleming,2,2,170,9,Extra Super Lux,Other,2002,Cash,Broker,,https://aqarmap.com.eg/en/listing/5170574-for-sale-alexandria-fleming/
properties-fleming4.csv,EG-5170511,شقة للبيع في فلمنج,"800,000 EGP",Fleming,2,1,80,5,Super Lux,Other,2012,Cash,Broker,,https://aqarmap.com.eg/en/listing/5170511-for-sale-alexandria-fleming/
properties-fleming4.csv,EG-5191312,شقة للبيع في أول شارع ابن الوليد,"650,000 EGP",Fleming,2,1,80,12,Lux,Main Street,2020,Cash,Broker,,https://aqarmap.com.eg/en/listing/5191312-for-sale-alexandria-fleming-ibn-el-waleed-st/
properties-fleming4.csv,EG-5187735,شقة للبيع في آخر شارع لافيزون!,"1,700,000 EGP",Fleming,3,1,135,15,Super Lux,Other,2018,Cash,Broker,,https://aqarmap.com.eg/en/listing/5187735-for-sale-alexandria-fleming-la-vison-st/
properties-fleming4.csv,EG-5170438,شقة للبيع - فلمنج,"450,000 EGP",Fleming,2,1,60,7,Super Lux,Other,2001,Cash,Broker,,https://aqarmap.com.eg/en/listing/5170438-for-sale-alexandria-fleming/
properties-fleming5.csv,EG-5165712,شقة للبيع في فلمنج بجوار مستشفى مبرة,"1,500,000 EGP",Fleming,3,1,120,6,Super Lux,Main Street,2027,Cash or Installments,Broker,,https://aqarmap.com.eg/en/listing/5165712-for-sale-alexandria-fleming/
properties-fleming5.csv,EG-5145883,شقة للبيع,"2,350,000 EGP",Fleming,3,2,170,9,Extra Super Lux,Other,2002,Cash,Broker,,https://aqarmap.com.eg/en/listing/5145883-for-sale-alexandria-fleming/
properties-fleming5.csv,EG-5160165,شقة مميزة للبيع في فليمنج - فرصة لا تعوض!,"4,500,000 EGP",Fleming,3,2,210,3,Super Lux,Other,2016,Cash or Installments,Broker,,https://aqarmap.com.eg/en/listing/5160165-for-sale-alexandria-fleming/
properties-fleming5.csv,EG-5159672,شقة لوكس للبيع في فلمنج - فرصة رائعة!,"400,000 EGP",Fleming,1,1,70,8,Super Lux,Other,2013,Cash,Private Owner,,https://aqarmap.com.eg/en/listing/5159672-for-sale-alexandria-fleming-mostafa-kamel-st/
properties-fleming5.csv,EG-5159461,شقة للبيع 70 متر – فرصة رائعة!,"400,000 EGP",Fleming,1,1,70,8,Lux,Other,2014,Cash,Private Owner,,https://aqarmap.com.eg/en/listing/5159461-for-sale-alexandria-fleming-mostafa-kamel-st/
properties-fleming5.csv,EG-5161774,شقة للبيع في فلمنج - 170 متر,"2,350,000 EGP",Fleming,2,2,170,9,Extra Super Lux,Other,2002,Cash,Broker,,https://aqarmap.com.eg/en/listing/5161774-for-sale-alexandria-fleming/
properties-fleming5.csv,EG-5167170,شقة للبيع في فلمنج، شارع مصطفى كامل,"3,200,000 EGP",Fleming,3,1,160,7,Super Lux,Other,2015,Cash,Broker,,https://aqarmap.com.eg/en/listing/5167170-for-sale-alexandria-fleming-mostafa-kamel-st/
properties-fleming5.csv,EG-5164111,شقة مميزة للبيع في فلمنج 145م بجوار كلية تربية رياضية بنات,"3,650,000 EGP",Fleming,3,2,145,2,Super Lux,Other,2024,Cash,Private Owner,,https://aqarmap.com.eg/en/listing/5164111-for-sale-alexandria-fleming/
properties-fleming5.csv,EG-5165668,شقة للبيع في فلمنج بجوار مستشفى مبرة فلمنج,"1,500,000 EGP",Fleming,3,1,120,6,Super Lux,Main Street,2027,Cash or Installments,Broker,,https://aqarmap.com.eg/en/listing/5165668-for-sale-alexandria-fleming/
properties-fleming5.csv,EG-5164509,شقة للبيع 120م في فلمنج - فرصة مميزة,"1,500,000 EGP",Fleming,3,1,120,6,Super Lux,Main Street,2021,Cash,Broker,,https://aqarmap.com.eg/en/listing/5164509-for-sale-alexandria-fleming/
properties-fleming5.csv,EG-5145890,شقة للبيع ١٤٠ متر تشطيب الترا سوبر لوكس,"2,500,000 EGP",Fleming,3,2,140,15,Extra Super Lux,Other,2011,Cash,Broker,,https://aqarmap.com.eg/en/listing/5145890-for-sale-alexandria-fleming/
properties-fleming5.csv,EG-5145733,شقه للبيع,"1,800,000 EGP",Fleming,2,1,110,4,Super Lux,Other,2005,Cash,Private Owner,,https://aqarmap.com.eg/en/listing/5145733-for-sale-alexandria-fleming-takla-st/
properties-fleming5.csv,EG-5165741,شقة للبيع في فلمنج,"1,500,000 EGP",Fleming,3,1,120,6,Super Lux,Side Street,2027,Cash or Installments,Broker,,https://aqarmap.com.eg/en/listing/5165741-for-sale-alexandria-fleming/
properties-fleming5.csv,EG-5160133,شقة للبيع 110 متر في بوكلي,"2,100,000 EGP",Fleming,3,1,110,10,Super Lux,Other,2021,Cash,Broker,,https://aqarmap.com.eg/en/listing/5160133-for-sale-alexandria-fleming-la-vison-st/
properties-fleming5.csv,EG-5172194,شقة للبيع في فلمنج - موقع مميز بجوار مبرة فلمنج ومدرسة الرملية,"1,400,000 EGP",Fleming,3,1,110,9,Super Lux,Side Street,2003,Cash,Broker,,https://aqarmap.com.eg/en/listing/5172194-for-sale-alexandria-fleming/
properties-fleming5.csv,EG-5136966,شقة للبيع فلمنج 217 متر تاني نمره من شارع ابوقير,"5,800,000 EGP",Fleming,3,3,217,4,Extra Super Lux,Main Street,2021,Cash,Broker,,https://aqarmap.com.eg/en/listing/5136966-for-sale-alexandria-fleming-naeel-mansour-st/
properties-fleming5.csv,EG-5162758,شقة للبيع في فلمنج - فرصة سكن هادئ,"1,200,000 EGP",Fleming,2,1,90,3,Super Lux,Other,2021,Cash,Broker,,https://aqarmap.com.eg/en/listing/5162758-for-sale-alexandria-fleming/
properties-fleming5.csv,EG-5139502,شقة للبيع من المالك مباشرة ب فلمنج,"550,000 EGP",Fleming,2,1,70,7,Super Lux,Other,2020,Cash,Broker,,https://aqarmap.com.eg/en/listing/5139502-for-sale-alexandria-fleming/
properties-fleming5.csv,EG-5164116,شقة سوبر لوكس للبيع في فلمنج بمساحة 100م,"1,100,000 EGP",Fleming,3,1,100,11,Super Lux,Other,2024,Cash,Private Owner,,https://aqarmap.com.eg/en/listing/5164116-for-sale-alexandria-fleming/
properties-fleming5.csv,EG-5149507,شقة للبيع من المالك مباشرة في فلمنج,"550,000 EGP",Fleming,2,1,70,7,Super Lux,Other,2021,Cash,Broker,,https://aqarmap.com.eg/en/listing/5149507-for-sale-alexandria-fleming/
properties-fleming6.csv,EG-5106082,شقة للبيع 175م -فلمنج (مصطفي كامل امام كلية تربية رياضية ),"3,500,000 EGP",Fleming,4,2,175,4,Super Lux,Main Street,1998,Cash,Private Owner,,https://aqarmap.com.eg/en/listing/5106082-for-sale-alexandria-fleming-mostafa-kamel-st/
properties-fleming6.csv,EG-5106058,شقه مميزة مساحه 300 متر أمام محطه فليمنج كاملة العدادات,"9,000,000 EGP",Fleming,4,2,300,11,Super Lux,Main Street,2016,Cash,Private Owner,,https://aqarmap.com.eg/en/listing/5106058-for-sale-alexandria-fleming/
properties-fleming6.csv,EG-5087469,شقه للبيع 165 متر,"2,700,000 EGP",Fleming,3,2,165,3,Super Lux,Other,2020,Cash,Broker,,https://aqarmap.com.eg/en/listing/5087469-for-sale-alexandria-fleming/
properties-fleming6.csv,EG-5108162,شقة للبيع فلمنج ١٧٠ متر بجانب الترام عند عالم الكمبيوتر الدور التاسع الاخير,"2,350,000 EGP",Fleming,2,2,170,9,Extra Super Lux,Other,2002,Cash,Broker,,https://aqarmap.com.eg/en/listing/5108162-for-sale-alexandria-fleming/
properties-fleming6.csv,EG-5108624,شقه للبيع فلمنج بجانب محطة ترام فلمنج ١٤٠ متر صافي,"2,400,000 EGP",Fleming,3,2,140,4,Super Lux,Other,2013,Cash,Broker,,https://aqarmap.com.eg/en/listing/5108624-for-sale-alexandria-fleming/
properties-fleming6.csv,EG-5118223,شقة للبيع فلمنج,"2,350,000 EGP",Fleming,2,2,170,9,Extra Super Lux,Other,2002,Cash,Broker,,https://aqarmap.com.eg/en/listing/5118223-for-sale-alexandria-fleming/
properties-fleming6.csv,EG-5124017,شقة للبيع من المالك مباشرة,"550,000 EGP",Fleming,2,1,70,7,Super Lux,Other,2020,Cash,Broker,,https://aqarmap.com.eg/en/listing/5124017-for-sale-alexandria-fleming/
properties-fleming6.csv,EG-5145906,للبيع شقة ١٠٩ م,"1,500,000 EGP",Fleming,3,1,109,13,Super Lux,Other,2014,Cash,Private Owner,,https://aqarmap.com.eg/en/listing/5145906-for-sale-alexandria-fleming/
properties-fleming6.csv,EG-5095836,شقه تمليك,"1,175,000 EGP",Fleming,2,1,100,5,Super Lux,Main Street,1999,Cash,Broker,,https://aqarmap.com.eg/en/listing/5095836-for-sale-alexandria-fleming-abd-el-fattah-el-taweel-st/
properties-fleming6.csv,EG-5099092,شقة للبيع تشطيب لوكس دور أول علوي,"1,500,000 EGP",Fleming,3,1,110,1,Lux,Other,2014,Cash,Private Owner,,https://aqarmap.com.eg/en/listing/5099092-for-sale-alexandria-fleming/
properties-fleming6.csv,EG-5094864,شقة للبيع تشطيب لوكس دور أول علوي,"1,500,000 EGP",Fleming,3,1,110,1,Lux,Other,2021,Cash,Private Owner,,https://aqarmap.com.eg/en/listing/5094864-for-sale-alexandria-fleming-mostafa-kamel-st/
properties-fleming6.csv,EG-5099044,شقة تمليك ريسبشن 4 قطع/3 غرف/2 حمام,"2,350,000 EGP",Fleming,3,2,170,9,Extra Super Lux,Other,2002,Cash,Broker,,https://aqarmap.com.eg/en/listing/5099044-for-sale-alexandria-fleming/
properties-fleming6.csv,EG-5087503,شقه للبيع 135 متر,"2,000,000 EGP",Fleming,3,1,135,19,Super Lux,Other,2020,Cash,Broker,,https://aqarmap.com.eg/en/listing/5087503-for-sale-alexandria-fleming-abd-el-fattah-el-taweel-st/
properties-fleming6.csv,EG-5106022,شقة للبيع 210م فليمنج ( خطوات من شارع أبوقير ),"5,500,000 EGP",Fleming,3,2,210,14,Super Lux,Main Street,2016,Cash,Private Owner,,https://aqarmap.com.eg/en/listing/5106022-for-sale-alexandria-fleming-mostafa-kamel-st/
properties-fleming6.csv,EG-4920437,شقة للبيع في فلمينج - 140م - متفرع من ش مصطفي كامل,"2,600,000 EGP",Fleming,3,2,140,14,Super Lux,Main Street,2011,Cash,Broker,,https://aqarmap.com.eg/en/listing/4920437-for-sale-alexandria-fleming-mostafa-kamel-st/
properties-fleming6.csv,EG-5115948,شقة للبيع في فليمنج على الترام ١٨٥م ٣ غرف (كل غرفة فيها بلكونة),"4,200,000 EGP",Fleming,3,1,185,9,Super Lux,Main Street,2000,Cash,Broker,,https://aqarmap.com.eg/en/listing/5115948-for-sale-alexandria-fleming-naeel-mansour-st/
properties-fleming6.csv,EG-5131028,شقة للبيع 217 متر,"5,800,000 EGP",Fleming,3,3,217,4,Extra Super Lux,Other,2021,Cash,Broker,,https://aqarmap.com.eg/en/listing/5131028-for-sale-alexandria-fleming/
properties-fleming6.csv,EG-5095855,شقه تمليك,"2,675,000 EGP",Fleming,3,2,139,19,Super Lux,Main Street,2019,Cash,Broker,,https://aqarmap.com.eg/en/listing/5095855-for-sale-alexandria-fleming-abd-el-fattah-el-taweel-st/
properties-fleming6.csv,EG-5115946,شقة للبيع فلمنج 217 متر تاني نمره من شارع ابوقير الترا لوكس,"5,800,000 EGP",Fleming,3,3,217,4,Extra Super Lux,Other,2017,Cash,Broker,,https://aqarmap.com.eg/en/listing/5115946-for-sale-alexandria-fleming-naeel-mansour-st/
properties-fleming6.csv,EG-5108604,شقة للبيع فلمنج ١٧٠ متر بجانب الترام عند عالم الكمبيوتر,"2,350,000 EGP",Fleming,2,2,170,9,Extra Super Lux,Other,2002,Cash,Broker,,https://aqarmap.com.eg/en/listing/5108604-for-sale-alexandria-fleming/
properties-fleming7.csv,EG-5089013,شقه للبيع بفلمنج,"750,000 EGP",Fleming,2,1,90,11,Super Lux,Main Street,2021,Cash,Broker,,https://aqarmap.com.eg/en/listing/5089013-for-sale-alexandria-fleming-takla-st/
properties-fleming7.csv,EG-5136965,شقة لؤطة فى فلمنج فى رينج المليون شقة للبيع في فلمنج (ابن سنان),"1,000,000 EGP",Fleming,3,1,80,2,Super Lux,Other,2021,Cash,Private Owner,,https://aqarmap.com.eg/en/listing/5136965-for-sale-alexandria-fleming/
properties-fleming7.csv,EG-5100332,شقه للبيع مساحة 125 م,"1,650,000 EGP",Fleming,3,1,125,1,Lux,Other,1995,Cash,Broker,,https://aqarmap.com.eg/en/listing/5100332-for-sale-alexandria-fleming-mostafa-kamel-st/
properties-fleming7.csv,EG-5051778,شقه للبيع كامله العدادات,"800,000 EGP",Fleming,2,1,80,14,Super Lux,Main Street,2021,Cash,Broker,,https://aqarmap.com.eg/en/listing/5051778-for-sale-alexandria-fleming/
properties-fleming7.csv,EG-5104832,شقه للبيع 125 متر,"1,850,000 EGP",Fleming,2,1,125,6,Super Lux,Other,1990,Cash,Broker,,https://aqarmap.com.eg/en/listing/5104832-for-sale-alexandria-fleming-la-vison-st/
properties-fleming7.csv,EG-5060200,شقه للبيع مساحتها 120 م ثلاث غرف,"1,500,000 EGP",Fleming,3,1,120,4,Super Lux,Other,1998,Cash,Broker,,https://aqarmap.com.eg/en/listing/5060200-for-sale-alexandria-fleming/
properties-fleming7.csv,EG-5110882,شقه للبيع,"5,800,000 EGP",Fleming,3,3,217,4,Super Lux,Other,2028,Cash or Installments,Broker,,https://aqarmap.com.eg/en/listing/5110882-for-sale-alexandria-fleming/
properties-fleming7.csv,EG-5078070,شقه للبيع ١٤٠ متر صافي,"2,400,000 EGP",Fleming,3,2,140,4,Super Lux,Other,2013,Cash,Broker,,https://aqarmap.com.eg/en/listing/5078070-for-sale-alexandria-fleming/
properties-fleming7.csv,EG-5075427,شقة للبيع لقطة في منطقة فلمنج,"1,600,000 EGP",Fleming,3,1,125,Ground,Lux,Other,2021,Cash,Private Owner,,https://aqarmap.com.eg/en/listing/5075427-for-sale-alexandria-fleming/
properties-fleming7.csv,EG-5105043,شقة للبيع في فلمنج,"2,400,000 EGP",Fleming,3,2,140,16,Super Lux,Other,2017,Cash,Broker,,https://aqarmap.com.eg/en/listing/5105043-for-sale-alexandria-fleming/
properties-fleming7.csv,EG-5105072,شقة للبيع في فلمنج,"1,000,000 EGP",Fleming,2,1,120,10,Super Lux,Other,2018,Cash,Broker,,https://aqarmap.com.eg/en/listing/5105072-for-sale-alexandria-fleming/
properties-fleming7.csv,EG-5085500,للبيع بفلمنج اخر شارع تكلا بجوار مستشفى مبرة فلمنج 90 متر,"750,000 EGP",Fleming,2,1,90,11,Super Lux,Main Street,2021,Cash,Broker,,https://aqarmap.com.eg/en/listing/5085500-for-sale-alexandria-fleming-naeel-mansour-st/
properties-fleming7.csv,EG-5082110,شـقـة لـلـبـيـع 125 م -فـلـمـنـج,"3,000,000 EGP",Fleming,3,1,125,2,Super Lux,Main Street,1996,Cash,Broker,,https://aqarmap.com.eg/en/listing/5082110-for-sale-alexandria-fleming-naeel-mansour-st/
properties-fleming7.csv,EG-5105057,شقة للبيع في فلمنج,"800,000 EGP",Fleming,2,1,80,14,Super Lux,Other,2016,Cash,Broker,,https://aqarmap.com.eg/en/listing/5105057-for-sale-alexandria-fleming/
properties-fleming7.csv,EG-5082137,للبيع بفلمنج بين شارع مصطفى كامل والترام خطوات من شارع ابو قير المساحة 140 م,"2,450,000 EGP",Fleming,3,2,140,4,Super Lux,Main Street,2021,Cash,Broker,,https://aqarmap.com.eg/en/listing/5082137-for-sale-alexandria-fleming-naeel-mansour-st/
properties-fleming7.csv,EG-5105033,شقة للبيع في فلمتج,"2,450,000 EGP",Fleming,3,2,140,4,Super Lux,Other,2017,Cash,Broker,,https://aqarmap.com.eg/en/listing/5105033-for-sale-alexandria-fleming/
properties-fleming7.csv,EG-5087547,شقه للبيع فلمنج بجانب محطة ترام فلمنج,"2,400,000 EGP",Fleming,3,2,140,4,Super Lux,Other,2013,Cash,Broker,,https://aqarmap.com.eg/en/listing/5087547-for-sale-alexandria-fleming/
properties-fleming7.csv,EG-5108708,شقة للبيع في فلمنج متفرعه من شارع مصطفي كامل خطوات من فتح الله مباني تسعينات,"1,700,000 EGP",Fleming,3,1,125,1,Lux,Other,1990,Cash,Broker,,https://aqarmap.com.eg/en/listing/5108708-for-sale-alexandria-fleming-mostafa-fahmy-st/
properties-fleming7.csv,EG-5085592,للبيع بفلمنج بين شارع مصطفى كامل والترام خطوات من شارع ابو قير المساحة 140 م,"2,450,000 EGP",Fleming,3,2,140,4,Extra Super Lux,Main Street,2021,Cash,Broker,,https://aqarmap.com.eg/en/listing/5085592-for-sale-alexandria-fleming-naeel-mansour-st/
properties-fleming7.csv,EG-5051776,شقه للبيع كامله العدادات,"2,400,000 EGP",Fleming,3,2,140,16,Super Lux,Main Street,2021,Cash,Broker,,https://aqarmap.com.eg/en/listing/5051776-for-sale-alexandria-fleming-mostafa-kamel-st/
properties-fleming8.csv,EG-5015536,شقه للبيع,"4,100,000 EGP",Fleming,3,2,165,11,Super Lux,Other,2024,Cash,Private Owner,,https://aqarmap.com.eg/en/listing/5015536-for-sale-alexandria-fleming/
properties-fleming8.csv,EG-5019083,شقه للبيع بالاسكندريه 130 متر,"2,250,000 EGP",Fleming,3,1,130,5,Lux,Sea View,2018,Cash,Broker,,https://aqarmap.com.eg/en/listing/5019083-for-sale-alexandria-fleming/
properties-fleming8.csv,EG-5015447,شقه للبيع,"3,250,000 EGP",Fleming,3,2,210,3,Super Lux,Other,2024,Cash,Broker,,https://aqarmap.com.eg/en/listing/5015447-for-sale-alexandria-fleming/
properties-fleming8.csv,EG-5041796,شقه للبيع,"2,700,000 EGP",Fleming,2,1,120,2,Super Lux,Other,2024,Cash,Private Owner,,https://aqarmap.com.eg/en/listing/5041796-for-sale-alexandria-fleming/
properties-fleming8.csv,EG-5041806,شقه للبيع,"2,200,000 EGP",Fleming,3,2,175,1,Super Lux,Other,2000,Cash,Private Owner,,https://aqarmap.com.eg/en/listing/5041806-for-sale-alexandria-fleming/
properties-fleming8.csv,EG-5038447,شقة سوبر لوكس للبيع 3غرف 2 حمام وريسبشن قطعتين,"2,400,000 EGP",Fleming,3,2,140,4,Super Lux,Other,2013,Cash,Broker,,https://aqarmap.com.eg/en/listing/5038447-for-sale-alexandria-fleming/
properties-fleming8.csv,EG-5017170,لمحبي الفخامه والفيو المفتوح ? ?شقه للبيع بين فلمنج وشارع الاذاعة,"2,600,000 EGP",Fleming,3,1,155,14,Extra Super Lux,Main Street,2004,Cash,Broker,,https://aqarmap.com.eg/en/listing/5017170-for-sale-alexandria-fleming-naeel-mansour-st/
properties-fleming8.csv,EG-5105767,شقه للبيع,"1,250,000 EGP",Fleming,2,1,110,9,Super Lux,Other,2019,Cash,Broker,,https://aqarmap.com.eg/en/listing/5105767-for-sale-alexandria-fleming-mostafa-kamel-st/
properties-fleming8.csv,EG-5041709,شقه للبيع,"2,000,000 EGP",Fleming,3,1,120,1,Super Lux,Other,2024,Cash,Broker,,https://aqarmap.com.eg/en/listing/5041709-for-sale-alexandria-fleming/
properties-fleming8.csv,EG-5028113,شقه للبيع فلمنج مساحة 110,"1,750,000 EGP",Fleming,3,1,110,3,Lux,Other,2000,Cash,Broker,,https://aqarmap.com.eg/en/listing/5028113-for-sale-alexandria-fleming/
properties-fleming8.csv,EG-5024759,شقه للبيع,"750,000 EGP",Fleming,3,1,110,3,Lux,Other,2021,Cash,Broker,,https://aqarmap.com.eg/en/listing/5024759-for-sale-alexandria-fleming/
properties-fleming8.csv,EG-5041672,شقه للبيع,"2,250,000 EGP",Fleming,3,2,150,3,Super Lux,Other,2017,Cash,Private Owner,,https://aqarmap.com.eg/en/listing/5041672-for-sale-alexandria-fleming/
properties-fleming8.csv,EG-5015517,شقه للبيع,"3,000,000 EGP",Fleming,3,1,125,2,Super Lux,Other,2024,Cash,Broker,,https://aqarmap.com.eg/en/listing/5015517-for-sale-alexandria-fleming/
properties-fleming8.csv,EG-5041675,شقه للبيع,"2,700,000 EGP",Fleming,3,1,150,1,Super Lux,Other,2024,Cash,Broker,,https://aqarmap.com.eg/en/listing/5041675-for-sale-alexandria-fleming/
properties-fleming8.csv,EG-5015544,شقه للبيع,"3,300,000 EGP",Fleming,3,1,130,4,Super Lux,Other,2024,Cash,Private Owner,,https://aqarmap.com.eg/en/listing/5015544-for-sale-alexandria-fleming/
properties-fleming8.csv,EG-5035299,شقة للبيع بفلمنج أمام مستشفى إبراهيم ندا 80 متر ريسيبشن غرفتين مطبخ و حمام,"800,000 EGP",Fleming,2,1,80,14,Super Lux,Main Street,2021,Cash,Broker,,https://aqarmap.com.eg/en/listing/5035299-for-sale-alexandria-fleming-naeel-mansour-st/
properties-fleming8.csv,EG-5105351,شقة للبيع في بفلمنج,"1,050,000 EGP",Fleming,3,1,125,8,Super Lux,Other,2016,Cash,Broker,,https://aqarmap.com.eg/en/listing/5105351-for-sale-alexandria-fleming/
properties-fleming8.csv,EG-5106038,شقة للبيع -فلمنج - مساحة 100 متر,"1,200,000 EGP",Fleming,3,1,100,4,Super Lux,Main Street,2021,Cash,Private Owner,,https://aqarmap.com.eg/en/listing/5106038-for-sale-alexandria-fleming/
properties-fleming8.csv,EG-5015638,شقه للبيع,"2,050,000 EGP",Fleming,2,1,105,7,Super Lux,Other,2024,Cash,Private Owner,,https://aqarmap.com.eg/en/listing/5015638-for-sale-alexandria-fleming/
properties-fleming8.csv,EG-5041698,شقه للبيع,"3,850,000 EGP",Fleming,3,3,175,3,Super Lux,Other,2024,Cash,Broker,,https://aqarmap.com.eg/en/listing/5041698-for-sale-alexandria-fleming/
properties-fleming9.csv,EG-4978960,شقه لقطه بجد مساحة125م,"3,000,000 EGP",Fleming,3,1,125,2,Super Lux,Other,2015,Cash,Private Owner,,https://aqarmap.com.eg/en/listing/4978960-for-sale-alexandria-fleming/
properties-fleming9.csv,EG-5015488,شقه للبيع,"4,200,000 EGP",Fleming,3,1,185,9,Super Lux,Other,2024,Cash,Private Owner,,https://aqarmap.com.eg/en/listing/5015488-for-sale-alexandria-fleming/
properties-fleming9.csv,EG-4999076,شقه للبيع بالاسكندريه فلمنج ش ابن سنان بجوار القهوه العاليه,"1,500,000 EGP",Fleming,3,1,109,1,Lux,Other,2015,Cash,Broker,,https://aqarmap.com.eg/en/listing/4999076-for-sale-alexandria-fleming/
properties-fleming9.csv,EG-4954501,شقه للبيع,"870,000 EGP",Fleming,2,1,75,7,Super Lux,Main Street,2020,Cash,Broker,,https://aqarmap.com.eg/en/listing/4954501-for-sale-alexandria-fleming-mostafa-kamel-st/
properties-fleming9.csv,EG-4963791,شقه للبيع فلمنج تشطيب التر لوكس,"2,000,000 EGP",Fleming,3,2,125,5,Extra Super Lux,Other,2016,Cash,Broker,,https://aqarmap.com.eg/en/listing/4963791-for-sale-alexandria-fleming-abd-el-fattah-el-taweel-st/
properties-fleming9.csv,EG-4968456,شقة للبيع فلمنج مصطفى كامل,"1,600,000 EGP",Fleming,3,1,110,1,Super Lux,Main Street,2015,Cash,Broker,,https://aqarmap.com.eg/en/listing/4968456-for-sale-alexandria-fleming-mostafa-kamel-st/
properties-fleming9.csv,EG-4952470,شقه للبيع,"870,000 EGP",Fleming,2,1,75,7,Super Lux,Side Street,2020,Cash,Broker,,https://aqarmap.com.eg/en/listing/4952470-for-sale-alexandria-fleming-mostafa-kamel-st/
properties-fleming9.csv,EG-4978957,شقة للبيع 150م فلمنج ( ش أحمد باشا ترك ),"2,250,000 EGP",Fleming,3,2,150,3,Super Lux,Other,2015,Cash,Private Owner,,https://aqarmap.com.eg/en/listing/4978957-for-sale-alexandria-fleming-ahmed-basha-tork-st/
properties-fleming9.csv,EG-5003233,شقه للبيع بين فلمنج وشارع الاذاعه بجوار مستشفي البترول علي الترام مباشرتا,"2,600,000 EGP",Fleming,3,1,155,14,Extra Super Lux,Main Street,2004,Cash,Broker,,https://aqarmap.com.eg/en/listing/5003233-for-sale-alexandria-fleming-naeel-mansour-st/
properties-fleming9.csv,EG-5000167,شقة للبيع,"360,000 EGP",Fleming,2,1,50,6,Lux,Other,1990,Cash,Broker,,https://aqarmap.com.eg/en/listing/5000167-for-sale-alexandria-fleming/
properties-fleming9.csv,EG-4995586,شقه للبيع فى فلمنج ش احمد ترك 130متر متفرعه من شارع مصطفى كامل الدور ال17,"2,250,000 EGP",Fleming,3,2,130,17,Super Lux,Other,2014,Cash,Broker,,https://aqarmap.com.eg/en/listing/4995586-for-sale-alexandria-fleming-ahmed-basha-tork-st/
properties-fleming9.csv,EG-5003378,للبيع شقه #فلمنج# شارع #احمد باشا ترك# ١٤٠ م,"1,700,000 EGP",Fleming,3,2,140,1,Super Lux,Main Street,2021,Cash,Private Owner,,https://aqarmap.com.eg/en/listing/5003378-for-sale-alexandria-fleming-ahmed-basha-tork-st/
properties-fleming9.csv,EG-5000222,شقة للبيع,"2,350,000 EGP",Fleming,2,1,100,5,Super Lux,Other,1990,Cash,Broker,,https://aqarmap.com.eg/en/listing/5000222-for-sale-alexandria-fleming/
properties-fleming9.csv,EG-4999109,شقة للبيع سوبر لوكس مع باكية جراج,"3,000,000 EGP",Fleming,3,1,130,4,Super Lux,Other,1984,Cash,Private Owner,,https://aqarmap.com.eg/en/listing/4999109-for-sale-alexandria-fleming/
properties-fleming9.csv,EG-4957275,شقة للبيع فلمنج العنوان : فلمنج شارع ابوقير قريبه من قسم الرمل المهدود,"3,200,000 EGP",Fleming,3,1,130,4,Super Lux,Main Street,1989,Cash,Broker,,https://aqarmap.com.eg/en/listing/4957275-for-sale-alexandria-fleming-naeel-mansour-st/
properties-fleming9.csv,EG-5006623,شقة لقطة للبيع في فلمنج عمارة فتح الله شارع مصطفي كامل١٠٠ متر غرفتين و ريسبشن قط,"1,800,000 EGP",Fleming,2,1,100,17,Super Lux,Other,2007,Cash,Broker,,https://aqarmap.com.eg/en/listing/5006623-for-sale-alexandria-fleming-mostafa-kamel-st/
properties-fleming9.csv,EG-4951683,شقه للبيع,"2,350,000 EGP",Fleming,3,2,100,1,Super Lux,Main Street,1990,Cash,Broker,,https://aqarmap.com.eg/en/listing/4951683-for-sale-alexandria-fleming/
properties-fleming9.csv,EG-4951767,شقه للبيع,"2,350,000 EGP",Fleming,2,1,100,1,Extra Super Lux,Other,1990,Cash,Broker,,https://aqarmap.com.eg/en/listing/4951767-for-sale-alexandria-fleming/
properties-fleming9.csv,EG-5083185,شقه للبيع خطوات من شارع ابو قير,"1,450,000 EGP",Fleming,3,2,140,4,Super Lux,Main Street,2021,Cash,Broker,,https://aqarmap.com.eg/en/listing/5083185-for-sale-alexandria-fleming-mostafa-kamel-st/
properties-fleming9.csv,EG-5004248,شقه للبيع مساحتها 75 متر,"1,800,000 EGP",Fleming,2,1,75,9,Super Lux,Main Street,1989,Cash,Private Owner,,https://aqarmap.com.eg/en/listing/5004248-for-sale-alexandria-fleming-la-vison-st/
