Listing ID,Title,Price,Roshdy,Rooms,Baths,Size in Meters,Floor,Finish Type,View,Year Built,Payment Method,Seller Type,Developer,Property Link
EG-5175475,Apartment for sale in roushdy 215 m,"8,500,000 EGP",Roshdy,3,3,215,10,Without Finish,Main Street,2024,Cash,Broker,karim ahmed,https://aqarmap.com.eg/en/listing/5175475-for-sale-alexandria-roshdy-abdel-hamid-al-abdi-st/
EG-5174631,Apartments For sale in Al Moaaskar Al Romani St.,"9,000,000 EGP",Roshdy,3,3,165,7,Super Lux,Other,2020,Cash,Broker,Avalon Resale,https://aqarmap.com.eg/en/listing/5174631-for-sale-alexandria-roshdy-al-moaaskar-al-romani-st/
EG-5101821,Apartment for sale 190 m Rushdi,"5,350,000 EGP",Roshdy,4,2,190,6,Super Lux,Main Street,1988,Cash,Broker,Avalon Resale,https://aqarmap.com.eg/en/listing/5101821-for-sale-alexandria-roshdy-syria-st/
EG-5201636,Apartment for Sale in Roushdy - Alex,"4,800,000 EGP",Roshdy,3,2,185,7,Lux,Main Street,2002,Cash,Broker,Iproperty,https://aqarmap.com.eg/en/listing/5201636-for-sale-alexandria-roshdy-roushdy-st/
EG-5181580,Apartments For sale in Roushdy St.,"6,000,000 EGP",Roshdy,3,2,220,3,Lux,Side Street,1983,Cash,Broker,New Home - نيو هوم,https://aqarmap.com.eg/en/listing/5181580-for-sale-alexandria-roshdy-shr-bw-qyr-tryq-lhry/
EG-5184328,Apartments For sale in Abdel Hamid Al Abdi St.,"4,500,000 EGP",Roshdy,3,2,200,2,Super Lux,Other,2000,Cash,Broker,Avalon Resale,https://aqarmap.com.eg/en/listing/5184328-for-sale-alexandria-roshdy-abdel-hamid-al-abdi-st/
EG-5189537,"Apartment for sale, 165 meter, Roshdy (Ibrahim Helmy Street)","5,750,000 EGP",Roshdy,3,2,165,16,Super Lux,Main Street,2012,Cash,Broker,Coldwell Banker Platinum,https://aqarmap.com.eg/en/listing/5189537-for-sale-alexandria-roshdy-ibrahim-helmy-st/
EG-4844601,"Apartment for sale, 230 m, Roushdy (Abu Qir Street)","5,200,000 EGP",Roshdy,3,2,230,9,Super Lux,Sea View,1990,Cash,Broker,Coldwell Banker Platinum,https://aqarmap.com.eg/en/listing/4844601-for-sale-alexandria-roshdy-roushdy-st/
EG-5094860,Apartments For sale in Ahmed Shawqi St.,"5,250,000 EGP",Roshdy,3,3,165,11,Super Lux,Main Street,2008,Cash,Broker,Avalon Resale,https://aqarmap.com.eg/en/listing/5094860-for-sale-alexandria-roshdy-shr-hmd-shwqy/
EG-5187009,Apartments For sale in Abou Quer St - El Horeya Rd,"7,200,000 EGP",Roshdy,4,1,235,17,Extra Super Lux,Main Street,1998,Cash,Broker,شركة التميز للتسويق والاستثمار العقاري,https://aqarmap.com.eg/en/listing/5187009-for-sale-alexandria-roshdy-shr-bw-qyr-tryq-lhry/
EG-5155826,Apartment for sale 175 sqm Roushdy (Roushdy Pasha Street),"6,200,000 EGP",Roshdy,3,2,175,1,Semi Finished,Main Street,2018,Cash,Broker,Coldwell Banker Platinum,https://aqarmap.com.eg/en/listing/5155826-for-sale-alexandria-roshdy-roushdy-basha-st/
EG-5185396,Apartment for sale 206 m Roushdy (Mostafa Kamil Main St.),"6,800,000 EGP",Roshdy,3,3,206,8,Semi Finished,Main Street,2022,Cash,Broker,Avalon Resale,https://aqarmap.com.eg/en/listing/5185396-for-sale-alexandria-roshdy-roushdy-st/
EG-5174742,Apartments For sale in Al Moaaskar Al Romani St.,"9,075,000 EGP",Roshdy,3,3,165,1,Without Finish,Other,2020,Cash,Broker,Avalon Resale,https://aqarmap.com.eg/en/listing/5174742-for-sale-alexandria-roshdy-al-moaaskar-al-romani-st/
EG-5157850,Apartments For sale in Roushdy Basha St.,"4,500,000 EGP",Roshdy,3,2,140,5,Super Lux,Other,2011,Cash,Broker,Avalon Resale,https://aqarmap.com.eg/en/listing/5157850-for-sale-alexandria-roshdy-roushdy-basha-st/
EG-5092696,Apartment for sale 195 m Roushdy (Steps from Syria st),"5,350,000 EGP",Roshdy,4,2,195,6,Super Lux,Other,1900,Cash,Broker,Avalon Resale,https://aqarmap.com.eg/en/listing/5092696-for-sale-alexandria-roshdy-syria-st/
EG-5181887,Residential Unit for Sale 105 sqm - Roshdy on the Tram,"2,600,000 EGP",Roshdy,2,1,105,5,Super Lux,Main Street,1999,Cash,Broker,Makank Real ESTATE,https://aqarmap.com.eg/en/listing/5181887-for-sale-alexandria-roshdy-syria-st/
EG-5107625,Apartment for sale 125 m Rushdi (El Geish Road),"5,500,000 EGP",Roshdy,2,2,125,8,Super Lux,Main Street,1992,Cash,Broker,Coldwell Banker Platinum,https://aqarmap.com.eg/en/listing/5107625-for-sale-alexandria-roshdy-tryq-ljysh/
EG-5194507,شقة للبيع 165م رشدي ( علي الترام مباشر ),"5,100,000 EGP",Roshdy,3,3,165,11,Super Lux,Main Street,2018,Cash,Broker,Coldwell Banker Platinum,https://aqarmap.com.eg/en/listing/5194507-for-sale-alexandria-roshdy/
EG-5116885,شقة للبيع 460 م رشدي (قمراية رشدي ),"25,000,000 EGP",Roshdy,4,5,460,10,Semi Finished,Sea View,2010,Cash,Broker,Coldwell Banker Platinum,https://aqarmap.com.eg/en/listing/5116885-for-sale-alexandria-roshdy-tryq-ljysh/
EG-5189914,Apartments For sale in Abou Quer St - El Horeya Rd,"2,650,000 EGP",Roshdy,2,2,120,2,Lux,Main Street,2009,Cash,Private Owner,AYA Saied,https://aqarmap.com.eg/en/listing/5189914-for-sale-alexandria-roshdy-shr-bw-qyr-tryq-lhry/
EG-5005165,Apartment for sale 202 m Roshdy (Sorya St. - Directly on tram),"9,000,000 EGP",Roshdy,4,3,202,5,Super Lux,Other,2000,Cash,Broker,Avalon Resale,https://aqarmap.com.eg/en/listing/5005165-for-sale-alexandria-roshdy-syria-st/
EG-5101949,Apartment for sale 165 M- Roushdy Alfred Lian,"5,500,000 EGP",Roshdy,3,2,165,12,Super Lux,Main Street,2014,Cash,Broker,Benaya,https://aqarmap.com.eg/en/listing/5101949-for-sale-alexandria-roshdy-roushdy-st/
EG-5044858,"Duplex apartment for sale, 1250 m, Rushdi (Syria Street)","15,000,000 EGP",Roshdy,5,5,1250,10,Lux,Main Street,1999,Cash,Broker,Coldwell Banker Platinum,https://aqarmap.com.eg/en/listing/5044858-for-sale-alexandria-roshdy-syria-st/
EG-5075881,Apartments For sale in Abou Quer St - El Horeya Rd,"8,000,000 EGP",Roshdy,6,3,311,13,Extra Super Lux,Side Street,1898,Cash,Broker,Benaya,https://aqarmap.com.eg/en/listing/5075881-for-sale-alexandria-roshdy-shr-bw-qyr-tryq-lhry/
EG-5094177,Apartment for sale 525 m Roushdy (directly on the sea),"23,600,000 EGP",Roshdy,5,4,525,9,Semi Finished,Sea View,2008,Cash,Broker,Avalon Resale,https://aqarmap.com.eg/en/listing/5094177-for-sale-alexandria-roshdy-tryq-ljysh/
EG-4953276,"Apartment for sale, 215 m, Roshdy (directly on the tram)","6,000,000 EGP",Roshdy,3,2,215,11,Lux,Main Street,2018,Cash,Broker,Coldwell Banker Platinum,https://aqarmap.com.eg/en/listing/4953276-for-sale-alexandria-roshdy-roushdy-st/
EG-5074131,Apartment for sale 310 M- Roushdy - Syria ST,"7,200,000 EGP",Roshdy,4,3,310,9,Super Lux,Main Street,2003,Cash,Broker,Benaya,https://aqarmap.com.eg/en/listing/5074131-for-sale-alexandria-roshdy-syria-st/
EG-4948536,Apartments For sale in Roushdy St.,"5,100,000 EGP",Roshdy,3,1,165,11,Super Lux,Main Street,2018,Cash,Broker,شركة التميز للتسويق والاستثمار العقاري,https://aqarmap.com.eg/en/listing/4948536-for-sale-alexandria-roshdy-roushdy-st/
EG-4958493,شقة للبيع 250م رشدى علي البحر مباشرة,"10,500,000 EGP",Roshdy,3,3,250,7,Super Lux,Sea View,1997,Cash,Building Developer,شقتى للتسويق العقارى,https://aqarmap.com.eg/en/listing/4958493-for-sale-alexandria-roshdy-roushdy-st/
EG-4918482,"Apartment for sale, 235 m, Roshdy (directly on Abu Qir Street)","4,600,000 EGP",Roshdy,3,2,235,4,Lux,Other,1995,Cash,Broker,Coldwell Banker Platinum,https://aqarmap.com.eg/en/listing/4918482-for-sale-alexandria-roshdy-shr-bw-qyr-tryq-lhry/
EG-4940016,شقة للبيع 165م رشدي - ع الترام مباشرة(فيو مفتوح),"5,100,000 EGP",Roshdy,3,3,165,11,Super Lux,Main Street,2018,Cash,Building Developer,شقتى للتسويق العقارى,https://aqarmap.com.eg/en/listing/4940016-for-sale-alexandria-roshdy-roushdy-st/
EG-5037037,Apartment for sale 290 m Rushdi (Rushdi Pasha Street),"6,250,000 EGP",Roshdy,3,3,290,1,Super Lux,Other,2010,Cash,Broker,Coldwell Banker Platinum,https://aqarmap.com.eg/en/listing/5037037-for-sale-alexandria-roshdy-roushdy-st/
EG-4997299,Apartment for sale 130 m Roshdy (police Mostafa Kamel Towers),"4,500,000 EGP",Roshdy,3,1,130,8,Extra Super Lux,Other,1990,Cash,Broker,Avalon Resale,https://aqarmap.com.eg/en/listing/4997299-for-sale-alexandria-roshdy-street-4/
EG-5064103,Apartment for sale 310m Rushdi (Syria Street),"7,100,000 EGP",Roshdy,4,3,310,9,Super Lux,Main Street,1990,Cash,Broker,Coldwell Banker Platinum,https://aqarmap.com.eg/en/listing/5064103-for-sale-alexandria-roshdy-syria-st/
EG-5037036,Apartments Super lux For sale in Abou Quer St - El Horeya Rd,"3,700,000 EGP",Roshdy,4,2,153,5,Super Lux,Main Street,1992,Cash,Broker,Avalon Resale,https://aqarmap.com.eg/en/listing/5037036-for-sale-alexandria-roshdy-shr-bw-qyr-tryq-lhry/
EG-4912986,"Apartment for sale, 515 m, Stanley (Qamarayat Roshdy) - direct sea view","39,000,000 EGP",Roshdy,4,4,515,11,Extra Super Lux,Sea View,2010,Cash,Broker,Coldwell Banker Platinum,https://aqarmap.com.eg/en/listing/4912986-for-sale-alexandria-roshdy-tryq-ljysh/
EG-4971891,Apartment for sale 125 m Rushdi (direct sea view),"4,800,000 EGP",Roshdy,2,1,125,9,Extra Super Lux,Main Street,1992,Cash,Broker,Coldwell Banker Platinum,https://aqarmap.com.eg/en/listing/4971891-for-sale-alexandria-roshdy-roushdy-st/
EG-5101448,شقة للبيع 525 م ستانلي (قمراية رشدي ),"28,000,000 EGP",Roshdy,5,4,525,9,Semi Finished,Sea View,2006,Cash,Broker,Coldwell Banker Platinum,https://aqarmap.com.eg/en/listing/5101448-for-sale-alexandria-roshdy-tryq-ljysh/
EG-5058925,Apartments For sale in Roushdy St.,"3,500,000 EGP",Roshdy,3,1,125,8,Super Lux,Main Street,1988,Cash,Broker,New Home - نيو هوم,https://aqarmap.com.eg/en/listing/5058925-for-sale-alexandria-roshdy-roushdy-st/
EG-4930974,شقة للبيع 165م رشدي ( علي الترام مباشر ),"5,100,000 EGP",Roshdy,3,3,165,11,Super Lux,Main Street,2018,Cash,Broker,Coldwell Banker Platinum,https://aqarmap.com.eg/en/listing/4930974-for-sale-alexandria-roshdy-roushdy-st/
EG-5017370,"Apartment for sale, 560 m, Roushdy, El Geish Road (Brand Tower)","28,000,000 EGP",Roshdy,4,5,560,6,Lux,Sea View,2010,Cash,Broker,Coldwell Banker Platinum,https://aqarmap.com.eg/en/listing/5017370-for-sale-alexandria-roshdy-tryq-ljysh/
EG-4832481,"235 sqm apartment in a very prime location in the Rushdi area, on the main Abu Qir Street","7,000,000 EGP",Roshdy,3,2,235,7,Extra Super Lux,Main Street,1985,Cash,Broker,REMAX performance,https://aqarmap.com.eg/en/listing/4832481-for-sale-alexandria-roshdy-roushdy-st/
EG-4876144,Apartments For sale in Syria St.,"8,000,000 EGP",Roshdy,2,2,200,1,Super Lux,Main Street,1988,Cash,Broker,Avalon Resale,https://aqarmap.com.eg/en/listing/4876144-for-sale-alexandria-roshdy-syria-st/
EG-4906137,Apartments For sale in Abou Quer St - El Horeya Rd,"5,000,000 EGP",Roshdy,3,2,230,9,Super Lux,Main Street,1996,Cash,Broker,New Home - نيو هوم,https://aqarmap.com.eg/en/listing/4906137-for-sale-alexandria-roshdy-shr-bw-qyr-tryq-lhry/
EG-4844060,Apartments For sale in Syria St.,"5,200,000 EGP",Roshdy,4,2,230,9,Super Lux,Other,2000,Cash,Broker,Avalon Resale,https://aqarmap.com.eg/en/listing/4844060-for-sale-alexandria-roshdy-syria-st/
EG-5005131,Apartments For sale in Ahmed Shawqi St.,"7,500,000 EGP",Roshdy,3,3,208,2,Super Lux,Other,2004,Cash,Broker,Avalon Resale,https://aqarmap.com.eg/en/listing/5005131-for-sale-alexandria-roshdy-shr-hmd-shwqy/
EG-4874532,Apartments For sale in Abou Quer St - El Horeya Rd,"4,100,000 EGP",Roshdy,4,2,153,5,Extra Super Lux,Main Street,1990,Cash,Broker,شركة التميز للتسويق والاستثمار العقاري,https://aqarmap.com.eg/en/listing/4874532-for-sale-alexandria-roshdy-shr-bw-qyr-tryq-lhry/
EG-5004974,Apartment for sale 185 m Roushdy (Between the tram and the sea),"5,100,000 EGP",Roshdy,3,2,185,6,Super Lux,Other,2003,Cash,Broker,Avalon Resale,https://aqarmap.com.eg/en/listing/5004974-for-sale-alexandria-roshdy/
EG-4882589,Apartment for sale 153 m Roushdy (Abu Qir st.),"3,900,000 EGP",Roshdy,4,2,153,5,Super Lux,Other,1980,Cash,Broker,Avalon Resale,https://aqarmap.com.eg/en/listing/4882589-for-sale-alexandria-roshdy-syria-st/
EG-4898819,Apartments For sale in Roushdy St.,"5,000,000 EGP",Roshdy,3,1,200,4,Extra Super Lux,Main Street,1990,Cash,Broker,شركة التميز للتسويق والاستثمار العقاري,https://aqarmap.com.eg/en/listing/4898819-for-sale-alexandria-roshdy-roushdy-st/
EG-4909615,Apartment for sale 300 m Roushdy (Syria st.),"7,500,000 EGP",Roshdy,3,2,300,6,Super Lux,Other,1980,Cash,Broker,Avalon Resale,https://aqarmap.com.eg/en/listing/4909615-for-sale-alexandria-roshdy-syria-st/
EG-4813425,"Distinctive apartment for sale, 275 sqm, Roshdy, Abu Qir Street, main","6,500,000 EGP",Roshdy,3,3,275,5,Super Lux,Main Street,1998,Cash,Broker,REMAX performance,https://aqarmap.com.eg/en/listing/4813425-for-sale-alexandria-roshdy-shr-bw-qyr-tryq-lhry/
EG-5048176,Apartment for sale 175 m Rushdi (directly on the tram),"6,475,000 EGP",Roshdy,3,3,175,3,Semi Finished,Other,2018,Cash,Broker,Coldwell Banker Platinum,https://aqarmap.com.eg/en/listing/5048176-for-sale-alexandria-roshdy-roushdy-st/
EG-4980594,Apartment for sale 110m Stanley (Stanley direct sea),"4,000,000 EGP",Roshdy,2,2,110,5,Extra Super Lux,Sea View,1988,Cash,Broker,Coldwell Banker Platinum,https://aqarmap.com.eg/en/listing/4980594-for-sale-alexandria-roshdy-tryq-ljysh/
EG-5045287,Apartment for sale 205 m Rushdi (directly on the tram),"8,200,000 EGP",Roshdy,3,3,205,3,Semi Finished,Other,2018,Cash,Broker,Coldwell Banker Platinum,https://aqarmap.com.eg/en/listing/5045287-for-sale-alexandria-roshdy-roushdy-st/
EG-4970175,Apartment for sale 165 m Roushdy (Syria St.),"6,000,000 EGP",Roshdy,3,1,165,2,Super Lux,Sea View,1980,Cash,Broker,Avalon Resale,https://aqarmap.com.eg/en/listing/4970175-for-sale-alexandria-roshdy-syria-st/
EG-5028981,Apartments For sale in Abou Quer St - El Horeya Rd,"6,000,000 EGP",Roshdy,3,2,220,3,Lux,Main Street,1900,Cash,Broker,New Home - نيو هوم,https://aqarmap.com.eg/en/listing/5028981-for-sale-alexandria-roshdy-shr-bw-qyr-tryq-lhry/
EG-4906158,Apartments For sale in Abou Quer St - El Horeya Rd,"5,000,000 EGP",Roshdy,3,2,230,9,Super Lux,Main Street,1992,Cash,Broker,New Home - نيو هوم,https://aqarmap.com.eg/en/listing/4906158-for-sale-alexandria-roshdy-shr-bw-qyr-tryq-lhry/
EG-4940252,Apartments For sale in Abou Quer St - El Horeya Rd,"3,800,000 EGP",Roshdy,4,2,153,5,Lux,Main Street,1900,Cash,Broker,New Home - نيو هوم,https://aqarmap.com.eg/en/listing/4940252-for-sale-alexandria-roshdy-shr-bw-qyr-tryq-lhry/
EG-4942721,Apartments For sale in Mekhael Abadeir St.,"3,300,000 EGP",Roshdy,2,1,100,6,Super Lux,Other,2014,Cash,Broker,Avalon Resale,https://aqarmap.com.eg/en/listing/4942721-for-sale-alexandria-roshdy-mekhael-abadeir-st/
EG-4785671,Apartments For sale in Abou Quer St - El Horeya Rd,"4,800,000 EGP",Roshdy,3,2,200,8,Super Lux,Side Street,1999,Cash,Building Developer,شقتى للتسويق العقارى,https://aqarmap.com.eg/en/listing/4785671-for-sale-alexandria-roshdy-shr-bw-qyr-tryq-lhry/
EG-4731073,Apartment for sale 185 M- Roushdy - Syria ST.,"5,750,000 EGP",Roshdy,3,2,185,5,Super Lux,Main Street,1990,Cash,Broker,Benaya,https://aqarmap.com.eg/en/listing/4731073-for-sale-alexandria-roshdy-syria-st/
EG-4836859,Apartments For sale in Abou Quer St - El Horeya Rd,"5,000,000 EGP",Roshdy,3,2,230,9,Super Lux,Other,1970,Cash,Broker,New Home - نيو هوم,https://aqarmap.com.eg/en/listing/4836859-for-sale-alexandria-roshdy-shr-bw-qyr-tryq-lhry/
EG-4971996,"شقة للبيع 212م رشدي ( المعسكر الروماني ) - بسعر ( 4,900,000 ج / كاش )","4,900,000 EGP",Roshdy,3,2,212,9,Semi Finished,Main Street,1998,Cash,Broker,Coldwell Banker Platinum,https://aqarmap.com.eg/en/listing/4971996-for-sale-alexandria-roshdy-al-moaaskar-al-romani-st/
EG-4805651,"Apartment for sale, 150 m2, Stanley (steps from the sea)","4,700,000 EGP",Roshdy,3,1,150,16,Without Finish,Sea View,2014,Cash,Broker,Coldwell Banker Platinum,https://aqarmap.com.eg/en/listing/4805651-for-sale-alexandria-roshdy-mekhael-abadeir-st/
EG-4816397,Apartment for sale 231 m Roushdy (Abu Qir main st.- brand building),"7,000,000 EGP",Roshdy,3,3,231,9,Super Lux,Main Street,2022,Cash,Broker,Avalon Resale,https://aqarmap.com.eg/en/listing/4816397-for-sale-alexandria-roshdy-shr-bw-qyr-tryq-lhry/
EG-4875455,Apartments For sale in Abou Quer St - El Horeya Rd,"4,000,000 EGP",Roshdy,4,2,153,5,Lux,Main Street,1988,Cash,Broker,New Home - نيو هوم,https://aqarmap.com.eg/en/listing/4875455-for-sale-alexandria-roshdy-shr-bw-qyr-tryq-lhry/
EG-4885979,Apartments For sale in Abou Quer St - El Horeya Rd,"4,100,000 EGP",Roshdy,4,2,153,5,Super Lux,Main Street,1990,Cash,Broker,Avalon Resale,https://aqarmap.com.eg/en/listing/4885979-for-sale-alexandria-roshdy-shr-bw-qyr-tryq-lhry/
EG-4995951,Apartment for sale 150 m Roushdy (Branched from Abdul Hamid Al-Abadi st),"3,000,000 EGP",Roshdy,3,2,150,14,Super Lux,Main Street,2014,Cash,Broker,Avalon Resale,https://aqarmap.com.eg/en/listing/4995951-for-sale-alexandria-roshdy-abdel-hamid-al-abdi-st/
EG-4814173,Apartment for sale 315 m Roushdy (branched from Abu Qir st.),"6,000,000 EGP",Roshdy,6,3,315,1,Super Lux,Other,2000,Cash,Broker,Avalon Resale,https://aqarmap.com.eg/en/listing/4814173-for-sale-alexandria-roshdy-shr-bw-qyr-tryq-lhry/
EG-4755086,شقة للبيع 300م رشدي,"8,500,000 EGP",Roshdy,3,3,300,1,Extra Super Lux,Main Street,2019,Cash,Building Developer,شقتى للتسويق العقارى,https://aqarmap.com.eg/en/listing/4755086-for-sale-alexandria-roshdy-roushdy-st/
EG-5016999,شقه للبيع ١٧٤م رشدي,"5,500,000 EGP",Roshdy,3,2,174,1,Super Lux,Side Street,2020,Cash,Building Developer,,https://aqarmap.com.eg/en/listing/5016999-for-sale-alexandria-roshdy-shr-hmd-shwqy/
EG-4979203,Apartments For sale in Abou Quer St - El Horeya Rd,"5,200,000 EGP",Roshdy,3,2,230,9,Super Lux,Other,2000,Cash,Broker,Avalon Resale,https://aqarmap.com.eg/en/listing/4979203-for-sale-alexandria-roshdy-shr-bw-qyr-tryq-lhry/
EG-4817439,Apartment for sale 240 m Roushdy (directly on the sea),"12,000,000 EGP",Roshdy,3,3,240,7,Extra Super Lux,Other,1996,Cash,Broker,Avalon Resale,https://aqarmap.com.eg/en/listing/4817439-for-sale-alexandria-roshdy-tryq-ljysh/
EG-4999772,Apartments For sale in Roushdy St.,"4,100,000 EGP",Roshdy,1,1,120,1,Extra Super Lux,Main Street,1995,Cash,Broker,New Home - نيو هوم,https://aqarmap.com.eg/en/listing/4999772-for-sale-alexandria-roshdy-roushdy-st/
EG-4769799,Apartment for sale 220 m Stanley (Shahdi Pasha Street),"6,200,000 EGP",Roshdy,3,3,220,2,Lux,Sea View,2007,Cash,Broker,Coldwell Banker Platinum,https://aqarmap.com.eg/en/listing/4769799-for-sale-alexandria-roshdy-roushdy-basha-st/
EG-4764407,"Apartment for sale, 425 m, Roshdy (directly on Al-Horeya Road)","7,000,000 EGP",Roshdy,5,3,425,13,Lux,Main Street,1987,Cash,Broker,Coldwell Banker Platinum,https://aqarmap.com.eg/en/listing/4764407-for-sale-alexandria-roshdy-shr-bw-qyr-tryq-lhry/
EG-4752880,Apartment for sale 560 m Rushdi (El Geish Road),"33,000,000 EGP",Roshdy,4,5,560,7,Extra Super Lux,Sea View,2006,Cash,Broker,Coldwell Banker Platinum,https://aqarmap.com.eg/en/listing/4752880-for-sale-alexandria-roshdy-tryq-ljysh/
EG-4830472,"Apartment 200 m, Roushdy, Al-Horeya Road, directly from Abu Qir Street, main street","5,500,000 EGP",Roshdy,3,2,200,2,Super Lux,Main Street,1985,Cash,Broker,REMAX performance,https://aqarmap.com.eg/en/listing/4830472-for-sale-alexandria-roshdy-shr-bw-qyr-tryq-lhry/
EG-4786216,"Apartment for sale, 1175 m, Roushdy (Al-Geish Road)","75,000,000 EGP",Roshdy,7,9,1175,15,Extra Super Lux,Sea View,2006,Cash,Broker,Coldwell Banker Platinum,https://aqarmap.com.eg/en/listing/4786216-for-sale-alexandria-roshdy-tryq-ljysh/
EG-4983794,شقة برشدي من المالك,"3,850,000 EGP",Roshdy,4,2,153,5,Super Lux,Other,2015,Cash,Broker,,https://aqarmap.com.eg/en/listing/4983794-for-sale-alexandria-roshdy/
EG-5092036,Unit for sale – masakin aldubaat 125m,"3,500,000 EGP",Roshdy,3,1,125,8,Super Lux,Garden,1988,Cash,Broker,investa realestat,https://aqarmap.com.eg/en/listing/5092036-for-sale-alexandria-roshdy-al-moaaskar-al-romani-st/
"45,000 EGP/M²",Apartments For sale in Abou Quer St - El Horeya Rd,"8,775,000 EGP",Roshdy,3,3,195,1,Super Lux,Commercial Financing,Main Street,2024,Cash or Installments,Amr ahmed,https://aqarmap.com.eg/en/listing/4737073-for-sale-alexandria-roshdy-shr-bw-qyr-tryq-lhry/
EG-5119634,شقه للبيع,"14,000,000 EGP",Roshdy,3,1,240,8,Super Lux,Other,2021,Cash,Broker,,https://aqarmap.com.eg/en/listing/5119634-for-sale-alexandria-roshdy-syria-st/
EG-4997785,apartment super luxe for sale,"3,000,000 EGP",Roshdy,4,1,100,13,Super Lux,Main Street,1980,Cash,Private Owner,khaledhamdy2022,https://aqarmap.com.eg/en/listing/4997785-for-sale-alexandria-roshdy-syria-st/
EG-4738930,Apartments For sale in Roushdy ahmed shawky St.,"4,500,000 EGP",Roshdy,3,2,130,8,Super Lux,Side Street,1981,Cash,Private Owner,farouk,https://aqarmap.com.eg/en/listing/4738930-for-sale-alexandria-roshdy-shr-hmd-shwqy/
EG-4837324,Apartments For sale in Abou Quer St - El Horeya Rd,"5,200,000 EGP",Roshdy,3,2,230,9,Super Lux,Main Street,1995,Cash,Private Owner,عصام ماجد عبدالحفيظ,https://aqarmap.com.eg/en/listing/4837324-for-sale-alexandria-roshdy-shr-bw-qyr-tryq-lhry/
EG-4820529,"I own an apartment in Rushdi Khatwat, 290m from Syria Street","7,500,000 EGP",Roshdy,3,3,290,2,Super Lux,Main Street,2005,Cash,Broker,Turkyre Realestate,https://aqarmap.com.eg/en/listing/4820529-for-sale-alexandria-roshdy-abdel-hamid-al-abdi-st/
EG-5189300,دوبلكس للبيع في رشدي,"7,200,000 EGP",Roshdy,3,2,285,2,Lux,Main Street,2003,Cash,Private Owner,,https://aqarmap.com.eg/en/listing/5189300-for-sale-alexandria-roshdy-syria-st/
EG-4839233,Apartments For sale in Roushdy St.,"5,200,000 EGP",Roshdy,4,2,230,9,Extra Super Lux,Main Street,2000,Cash,Private Owner,,https://aqarmap.com.eg/en/listing/4839233-for-sale-alexandria-roshdy-roushdy-st/
EG-5046084,Apartments For sale in Ibn Kassem St.,"6,500,000 EGP",Roshdy,4,2,190,6,Super Lux,Main Street,1988,Cash,Private Owner,mokhtar rida,https://aqarmap.com.eg/en/listing/5046084-for-sale-alexandria-roshdy-ibn-kassem-st/
EG-4875495,"For sale in Rushdi (Damietta Street), steps from Syria Street, 190 m","4,500,000 EGP",Roshdy,3,2,190,1,Super Lux,Main Street,2004,Cash,Broker,Turkyre Realestate,https://aqarmap.com.eg/en/listing/4875495-for-sale-alexandria-roshdy-ibrahim-helmy-st/
"23,585 EGP/M²","Rushdi, Mustafa Kamel.","2,500,000 EGP",Roshdy,2,1,106,4,Super Lux,Commercial Financing,Other,1970,Cash,حبيبة,https://aqarmap.com.eg/en/listing/5067952-for-sale-alexandria-roshdy-roushdy-st/
EG-4877657,"For sale in Rushdi (Abu Qir Street), 153 sqm apartment, net, with open views","3,900,000 EGP",Roshdy,4,2,153,4,Lux,Main Street,2004,Cash,Broker,Turkyre Realestate,https://aqarmap.com.eg/en/listing/4877657-for-sale-alexandria-roshdy-shr-bw-qyr-tryq-lhry/
EG-4999245,"Apartment for sale in Rushdi (Al-Makar Al-Rummani), 225 square meters","4,500,000 EGP",Roshdy,3,2,225,3,Lux,Main Street,2004,Cash,Broker,Turkyre Realestate,https://aqarmap.com.eg/en/listing/4999245-for-sale-alexandria-roshdy-al-moaaskar-al-romani-st/
EG-4850742,Roshdy Apartment,"4,100,000 EGP",Roshdy,4,2,153,5,Lux,Main Street,1990,Cash,Broker,الحاجة نادية,https://aqarmap.com.eg/en/listing/4850742-for-sale-alexandria-roshdy-shr-bw-qyr-tryq-lhry/
EG-5183301,شقة للبيع في سوريا على البحر,"14,000,000 EGP",Roshdy,3,1,240,8,Extra Super Lux,Other,2021,Cash,Broker,,https://aqarmap.com.eg/en/listing/5183301-for-sale-alexandria-roshdy/
EG-4726891,Apartments For sale in Roushdy St.,"2,000,000 EGP",Roshdy,2,1,90,5,Super Lux,Other,1990,Cash,Broker,Makank Real ESTATE,https://aqarmap.com.eg/en/listing/4726891-for-sale-alexandria-roshdy-roushdy-st/
EG-4869688,شقة برشدي على طريق أبو قير الرئيسي بجوار الديب مول مباشرة عمارة شركة مينا,"4,100,000 EGP",Roshdy,4,2,153,5,Lux,Main Street,2001,Cash,Broker,,https://aqarmap.com.eg/en/listing/4869688-for-sale-alexandria-roshdy-shr-bw-qyr-tryq-lhry/
EG-5189301,دوبلكس للبيع في رشدي - شارع سوريا,"7,200,000 EGP",Roshdy,3,2,285,8,Super Lux,Other,2014,Cash,Private Owner,,https://aqarmap.com.eg/en/listing/5189301-for-sale-alexandria-roshdy-syria-st/
EG-5129992,شقه للبيع ب اسكندريه مصطفي كامل,"4,000,000 EGP",Roshdy,3,1,170,11,Super Lux,Main Street,2014,Cash,Private Owner,,https://aqarmap.com.eg/en/listing/5129992-for-sale-alexandria-roshdy-al-moaaskar-al-romani-st/
EG-5097594,شقه للبيع مرخصه,"5,000,000 EGP",Roshdy,3,2,200,2,Super Lux,Main Street,1985,Cash,Broker,,https://aqarmap.com.eg/en/listing/5097594-for-sale-alexandria-roshdy/
EG-5164664,شقة للبيع في رشدي - شارع سوريا,"5,800,000 EGP",Roshdy,3,2,195,5,Super Lux,Main Street,1989,Cash,Broker,,https://aqarmap.com.eg/en/listing/5164664-for-sale-alexandria-roshdy-syria-st/
EG-5107518,شقه للبيع 150 متر,"3,650,000 EGP",Roshdy,3,2,150,10,Super Lux,Other,1990,Cash,Broker,,https://aqarmap.com.eg/en/listing/5107518-for-sale-alexandria-roshdy-shr-bw-qyr-tryq-lhry/
EG-5116592,شقه للبيع تشطيب سوبر لوكس,"5,000,000 EGP",Roshdy,3,1,165,9,Super Lux,Main Street,2021,Cash,Broker,,https://aqarmap.com.eg/en/listing/5116592-for-sale-alexandria-roshdy/
EG-5087796,شقة للبيع 153 م 4 غرف 2 ريسيبشن 2 حمام .,"3,900,000 EGP",Roshdy,4,2,153,1,Super Lux,Side Street,2007,Cash,Broker,,https://aqarmap.com.eg/en/listing/5087796-for-sale-alexandria-roshdy-shr-bw-qyr-tryq-lhry/
EG-5100416,شقة للبيع 153 متر,"3,900,000 EGP",Roshdy,4,2,153,5,Super Lux,Other,2021,Cash,Broker,,https://aqarmap.com.eg/en/listing/5100416-for-sale-alexandria-roshdy-shr-bw-qyr-tryq-lhry/
EG-5135270,شقة للبيع مساحة 165 متر الدور التاسع 3 غرف وحمام ومطبخ,"5,000,000 EGP",Roshdy,3,1,165,9,Super Lux,Side Street,2003,Cash,Broker,,https://aqarmap.com.eg/en/listing/5135270-for-sale-alexandria-roshdy-shr-bw-qyr-tryq-lhry/
EG-5126485,شقه للبيع الدور التاني علوي,"7,000,000 EGP",Roshdy,3,3,208,2,Extra Super Lux,Other,2021,Cash,Broker,,https://aqarmap.com.eg/en/listing/5126485-for-sale-alexandria-roshdy/
EG-5136582,شقه للبيع 175 متر,"6,500,000 EGP",Roshdy,3,2,175,9,Super Lux,Other,2019,Cash,Private Owner,,https://aqarmap.com.eg/en/listing/5136582-for-sale-alexandria-roshdy-shr-bw-qyr-tryq-lhry/
EG-5166577,شقة للبيع في رشدي بالقرب من الترام,"2,650,000 EGP",Roshdy,2,1,105,5,Super Lux,Other,2022,Cash,Broker,,https://aqarmap.com.eg/en/listing/5166577-for-sale-alexandria-roshdy/
EG-5132542,شقه للبيع 200 متر,"7,000,000 EGP",Roshdy,3,3,200,2,Super Lux,Other,2019,Cash,Broker,,https://aqarmap.com.eg/en/listing/5132542-for-sale-alexandria-roshdy/
EG-5169177,شقة للبيع في السرايا,"8,000,000 EGP",Roshdy,3,3,171,9,Super Lux,Sea View,2018,Cash,Broker,,https://aqarmap.com.eg/en/listing/5169177-for-sale-alexandria-roshdy/
EG-5166608,شقة للبيع في عمارات مصطفى كامل,"3,350,000 EGP",Roshdy,3,1,125,3,Super Lux,Other,2021,Cash,Broker,,https://aqarmap.com.eg/en/listing/5166608-for-sale-alexandria-roshdy/
EG-5167827,شقة للبيع بأبراج المعمارى في رشدي,"2,650,000 EGP",Roshdy,2,1,105,5,Super Lux,Side Street,1999,Cash,Private Owner,,https://aqarmap.com.eg/en/listing/5167827-for-sale-alexandria-roshdy-shr-hmd-shwqy/
EG-5132586,شقه للبيع بناء2019,"7,000,000 EGP",Roshdy,3,3,200,2,Super Lux,Other,2019,Cash,Broker,,https://aqarmap.com.eg/en/listing/5132586-for-sale-alexandria-roshdy/
EG-5127119,شقه للبيع مساحة ١٥٣ متر,"3,700,000 EGP",Roshdy,4,2,153,5,Super Lux,Other,1998,Cash,Private Owner,,https://aqarmap.com.eg/en/listing/5127119-for-sale-alexandria-roshdy-shr-bw-qyr-tryq-lhry/
EG-5146817,شقه للبيع برشدي باشا علي البحر دور ١٤,"2,200,000 EGP",Roshdy,2,1,100,14,Super Lux,Other,2005,Cash,Private Owner,,https://aqarmap.com.eg/en/listing/5146817-for-sale-alexandria-roshdy/
EG-5100072,شقة للبيع مساحه 175م,"2,700,000 EGP",Roshdy,3,2,175,9,Super Lux,Other,2001,Cash,Broker,,https://aqarmap.com.eg/en/listing/5100072-for-sale-alexandria-roshdy/
EG-5163436,شقة فاخرة للبيع في الإسكندرية – إطلالة كاملة على البحر!,"18,500,000 EGP",Roshdy,4,4,330,4,Super Lux,Sea View,2012,Cash,Private Owner,,https://aqarmap.com.eg/en/listing/5163436-for-sale-alexandria-roshdy-tryq-ljysh/
EG-5032707,شقه فاخره للبيع رشدى شارع ابو قير مباشره المساحه 230م,"5,250,000 EGP",Roshdy,3,2,230,9,Super Lux,Other,1999,Cash,Broker,,https://aqarmap.com.eg/en/listing/5032707-for-sale-alexandria-roshdy-shr-bw-qyr-tryq-lhry/
EG-4935149,شقة للبيع 256م رشدي - غرف 4 - رسيبشن 3 قطع - حمام 3,"5,800,000 EGP",Roshdy,4,3,256,2,Super Lux,Side Street,2014,Cash,Private Owner,,https://aqarmap.com.eg/en/listing/4935149-for-sale-alexandria-roshdy-medhat-al-meligi-st/
EG-5060174,شقه للبيع 150م 3 غرف,"3,500,000 EGP",Roshdy,3,2,150,12,Super Lux,Other,2003,Cash,Broker,,https://aqarmap.com.eg/en/listing/5060174-for-sale-alexandria-roshdy/
EG-5104840,شقه للبيع 215 متر,"5,300,000 EGP",Roshdy,2,2,215,3,Super Lux,Other,2020,Cash,Broker,,https://aqarmap.com.eg/en/listing/5104840-for-sale-alexandria-roshdy-syria-st/
EG-4926238,شقه للبيع165 متر,"5,750,000 EGP",Roshdy,3,3,165,11,Super Lux,Main Street,1999,Cash,Private Owner,,https://aqarmap.com.eg/en/listing/4926238-for-sale-alexandria-roshdy/
EG-5125827,رشدي شارع سوريا مباشر - مساحه 180 م - مباني قديمه + يوجد اسناسير - 3 غرف +,"4,700,000 EGP",Roshdy,3,3,180,3,Super Lux,Other,2006,Cash,Broker,,https://aqarmap.com.eg/en/listing/5125827-for-sale-alexandria-roshdy-syria-st/
EG-5102614,فيو قمة الجمال شقه بشارع سوريا,"6,500,000 EGP",Roshdy,4,2,220,9,Without Finish,Other,2028,Cash,Broker,,https://aqarmap.com.eg/en/listing/5102614-for-sale-alexandria-roshdy-syria-st/
EG-4876078,شقة للبيع 230 متر رشدي شارع ابوقير,"5,000,000 EGP",Roshdy,3,2,230,9,Super Lux,Other,2021,Cash,Broker,,https://aqarmap.com.eg/en/listing/4876078-for-sale-alexandria-roshdy-shr-bw-qyr-tryq-lhry/
EG-4816044,شقة للبيع في رشدى,"5,100,000 EGP",Roshdy,3,2,220,9,Super Lux,Main Street,1993,Cash,Broker,,https://aqarmap.com.eg/en/listing/4816044-for-sale-alexandria-roshdy-shr-bw-qyr-tryq-lhry/
EG-4821583,شقة للبيع في رشدى,"5,100,000 EGP",Roshdy,3,2,220,9,Super Lux,Other,1993,Cash,Broker,,https://aqarmap.com.eg/en/listing/4821583-for-sale-alexandria-roshdy-shr-bw-qyr-tryq-lhry/
EG-4820321,شقة للبيع في رشدى,"5,100,000 EGP",Roshdy,3,2,220,9,Super Lux,Main Street,1993,Cash,Broker,,https://aqarmap.com.eg/en/listing/4820321-for-sale-alexandria-roshdy-shr-bw-qyr-tryq-lhry/
EG-4991391,شقة للبيع ب رشدي 165 م ريسبشن قطعتين ونصف 3 غرف نوم منهم ماستر,"5,200,000 EGP",Roshdy,3,3,165,11,Extra Super Lux,Other,2019,Cash,Broker,,https://aqarmap.com.eg/en/listing/4991391-for-sale-alexandria-roshdy-shr-hmd-shwqy/
EG-4873006,شقة للبيع 230 متر رشدي شارع ابوقير,"5,300,000 EGP",Roshdy,3,2,230,9,Super Lux,Sea View,2021,Cash,Broker,,https://aqarmap.com.eg/en/listing/4873006-for-sale-alexandria-roshdy-shr-bw-qyr-tryq-lhry/
EG-5105441,فيو قمة الجمال,"6,500,000 EGP",Roshdy,4,2,220,9,Semi Finished,Sea View,1989,Cash or Installments,Broker,,https://aqarmap.com.eg/en/listing/5105441-for-sale-alexandria-roshdy-syria-st/
EG-4847988,شقه للبيع برشدي,"5,100,000 EGP",Roshdy,3,2,220,9,Super Lux,Corner,1993,Cash,Broker,,https://aqarmap.com.eg/en/listing/4847988-for-sale-alexandria-roshdy-shr-bw-qyr-tryq-lhry/
EG-5119478,شقة للبيع بالاسكندرية رشدي 165 متر,"5,000,000 EGP",Roshdy,3,2,165,9,Super Lux,Other,2020,Cash,Broker,,https://aqarmap.com.eg/en/listing/5119478-for-sale-alexandria-roshdy/
EG-5044201,شقه للبيع في رشدي علي الترام,"3,100,000 EGP",Roshdy,3,2,165,9,Super Lux,Other,2021,Cash,Broker,,https://aqarmap.com.eg/en/listing/5044201-for-sale-alexandria-roshdy/
EG-5095497,شقة للبيع برشدي بفيو مفتوح,"3,500,000 EGP",Roshdy,3,1,125,6,Super Lux,Other,2021,Cash,Private Owner,,https://aqarmap.com.eg/en/listing/5095497-for-sale-alexandria-roshdy-al-moaaskar-al-romani-st/
EG-5083183,شقه للبيع ١٢٥ متر,"3,500,000 EGP",Roshdy,3,1,125,3,Super Lux,Other,1983,Cash,Broker,,https://aqarmap.com.eg/en/listing/5083183-for-sale-alexandria-roshdy/
EG-4926201,شقة فاخرة سوبر لوكس,"9,000,000 EGP",Roshdy,3,2,210,2,Lux,Main Street,2001,Cash,Private Owner,,https://aqarmap.com.eg/en/listing/4926201-for-sale-alexandria-roshdy/
EG-4813286,شقة للبيع في رشدى,"5,100,000 EGP",Roshdy,3,2,220,9,Super Lux,Other,1993,Cash,Broker,,https://aqarmap.com.eg/en/listing/4813286-for-sale-alexandria-roshdy-shr-bw-qyr-tryq-lhry/
EG-5063515,شقه للبيع كامله العدادات,"4,500,000 EGP",Roshdy,3,2,200,2,Super Lux,Main Street,2021,Cash,Broker,,https://aqarmap.com.eg/en/listing/5063515-for-sale-alexandria-roshdy/
,,,Roshdy,,,,,,,,,,,https://aqarmap.com.eg/en/listing/5078094-for-sale-alexandria-roshdy/
,,,Roshdy,,,,,,,,,,,https://aqarmap.com.eg/en/listing/5086727-for-sale-alexandria-roshdy-roushdy-st/
EG-5111180,شقه للبيع,"7,500,000 EGP",Roshdy,3,2,210,5,Super Lux,Other,2028,Cash or Installments,Private Owner,,https://aqarmap.com.eg/en/listing/5111180-for-sale-alexandria-roshdy/
EG-4877047,شقة للبيع برشدى متفرع من ش سوريا و ترى الترام,"4,500,000 EGP",Roshdy,3,1,200,9,Super Lux,Other,2012,Cash,Broker,,https://aqarmap.com.eg/en/listing/4877047-for-sale-alexandria-roshdy-syria-st/
EG-4795180,شقة للبيع في رشدى,"5,100,000 EGP",Roshdy,3,2,220,9,Super Lux,Main Street,1993,Cash,Broker,,https://aqarmap.com.eg/en/listing/4795180-for-sale-alexandria-roshdy-shr-bw-qyr-tryq-lhry/
EG-5052111,شقة للبيع بالاسكندرية رشدي 200 متر,"4,500,000 EGP",Roshdy,3,2,200,2,Super Lux,Other,1985,Cash,Broker,,https://aqarmap.com.eg/en/listing/5052111-for-sale-alexandria-roshdy-roushdy-st/
EG-4923809,شقه دوبلكس للبيع بالاسكندريه,"4,800,000 EGP",Roshdy,3,2,200,9,Semi Finished,Main Street,1990,Cash,Private Owner,,https://aqarmap.com.eg/en/listing/4923809-for-sale-alexandria-roshdy-shr-bw-qyr-tryq-lhry/
EG-5138276,شقه للبيع في رشدي,"4,500,000 EGP",Roshdy,4,1,200,7,Extra Super Lux,Other,2016,Cash or Installments,Broker,,https://aqarmap.com.eg/en/listing/5138276-for-sale-alexandria-roshdy/
EG-4793820,شقة للبيع في رشدى,"5,100,000 EGP",Roshdy,3,2,220,9,Super Lux,Main Street,2002,Cash,Broker,,https://aqarmap.com.eg/en/listing/4793820-for-sale-alexandria-roshdy-shr-bw-qyr-tryq-lhry/
EG-4802777,شقة للبيع في رشدي,"5,000,000 EGP",Roshdy,4,1,200,7,Super Lux,Other,1993,Cash,Broker,,https://aqarmap.com.eg/en/listing/4802777-for-sale-alexandria-roshdy/
EG-4801382,شقة للبيع في رشدي,"5,000,000 EGP",Roshdy,4,1,200,7,Super Lux,Other,1990,Cash,Broker,,https://aqarmap.com.eg/en/listing/4801382-for-sale-alexandria-roshdy/
EG-5010237,شقة للبيع,"4,300,000 EGP",Roshdy,3,1,125,4,Super Lux,Other,2008,Cash,Private Owner,,https://aqarmap.com.eg/en/listing/5010237-for-sale-alexandria-roshdy-al-moaaskar-al-romani-st/
EG-4745359,شقة فاخرة للبيع برشدى 206م,"6,500,000 EGP",Roshdy,3,2,206,6,Super Lux,Other,2021,Cash,Broker,,https://aqarmap.com.eg/en/listing/4745359-for-sale-alexandria-roshdy-syria-st/
EG-4813468,شقه للبيع برشدي بجوار عماره العفاريت ❄️120متر ?,"2,600,000 EGP",Roshdy,2,1,120,5,Super Lux,Other,1970,Cash,Broker,,https://aqarmap.com.eg/en/listing/4813468-for-sale-alexandria-roshdy/
EG-4758129,شقه للبيع في رشدي علي شارع ابوقير مباشره ١٢٠ متر,"2,600,000 EGP",Roshdy,2,1,120,5,Super Lux,Side Street,1970,Cash,Broker,,https://aqarmap.com.eg/en/listing/4758129-for-sale-alexandria-roshdy/
EG-5057855,شقه للبيع بالاسكندريه ش ابن القاسم متفرع من ش سوريا برشدى خلف المعسكر الرومانى,"6,100,000 EGP",Roshdy,4,2,190,6,Super Lux,Other,1988,Cash,Private Owner,,https://aqarmap.com.eg/en/listing/5057855-for-sale-alexandria-roshdy-ibn-kassem-st/
